user_id,week_start_date,sessions,avg_session_time,engagement_score,last_active_date
U0001,2025-09-08,6.0,11.62,69.72,2025-09-12
U0001,2025-09-15,5.0,4.88,24.4,2025-09-21
U0001,2025-09-22,3.0,6.63,19.89,2025-09-24
U0001,2025-09-29,3.0,8.51,25.53,2025-10-04
U0001,2025-10-06,2.0,8.39,16.78,2025-10-09
U0002,2025-08-18,0.0,6.81,0.0,
U0002,2025-08-25,3.0,2.53,7.59,2025-08-31
U0002,2025-09-01,0.0,10.2,0.0,2025-09-04
U0002,2025-09-08,5.0,,,2025-09-11
U0002,2025-09-15,2.0,12.03,24.06,2025-09-16
U0002,2025-09-22,0.0,11.77,0.0,2025-09-28
U0002,2025-09-29,5.0,9.32,46.6,2025-09-30
U0002,2025-10-06,3.0,6.45,19.35,2025-10-11
U0003,2025-09-15,0.0,9.49,0.0,2025-09-17
U0003,2025-09-22,5.0,11.18,55.9,2025-09-22
U0003,2025-09-29,,4.96,,
U0003,2025-10-06,7.0,5.48,38.36,2025-10-06
U0004,2025-08-11,0.0,5.28,0.0,2025-08-12
U0004,2025-08-18,3.0,7.88,23.64,2025-08-20
U0004,2025-08-25,3.0,14.29,42.87,2025-08-26
U0004,2025-09-01,0.0,4.95,0.0,
U0004,2025-09-08,4.0,,,2025-09-10
U0004,2025-09-15,4.0,,,2025-09-20
U0004,2025-09-22,7.0,11.31,79.17,2025-09-25
U0004,2025-09-29,4.0,7.67,30.68,2025-09-30
U0004,2025-10-06,7.0,12.25,85.75,2025-10-06
U0005,2025-09-08,5.0,13.66,68.3,2025-09-10
U0005,2025-09-15,0.0,5.36,0.0,
U0005,2025-09-22,0.0,6.2,0.0,
U0005,2025-09-29,9.0,3.26,29.34,2025-10-05
U0005,2025-10-06,1.0,8.41,8.41,2025-10-09
U0006,2025-08-11,0.0,7.84,0.0,
U0006,2025-08-18,10.0,2.57,25.7,2025-08-21
U0006,2025-08-25,6.0,2.41,14.46,2025-08-29
U0006,2025-09-01,3.0,10.72,32.16,2025-09-05
U0006,2025-09-08,4.0,1.78,7.12,2025-09-13
U0006,2025-09-15,4.0,9.68,38.72,2025-09-20
U0006,2025-09-22,,9.65,,
U0006,2025-09-29,2.0,5.78,11.56,2025-10-01
U0006,2025-10-06,4.0,6.97,27.88,2025-10-07
U0007,2025-08-25,5.0,11.87,59.35,2025-08-28
U0007,2025-09-01,6.0,7.35,44.1,2025-09-05
U0007,2025-09-08,6.0,,,2025-09-12
U0007,2025-09-15,4.0,6.76,27.04,2025-09-16
U0007,2025-09-22,6.0,10.91,65.46,2025-09-27
U0007,2025-09-29,6.0,8.12,48.72,2025-09-29
U0007,2025-10-06,1.0,6.15,6.15,2025-10-10
U0008,2025-07-21,1.0,6.18,6.18,2025-07-24
U0008,2025-07-28,7.0,9.8,,2025-07-30
U0008,2025-08-04,0.0,9.91,0.0,
U0008,2025-08-11,11.0,10.8,118.8,2025-08-14
U0008,2025-08-18,4.0,4.61,18.44,2025-08-22
U0008,2025-08-25,8.0,8.46,67.68,
U0008,2025-09-01,1.0,3.09,3.09,2025-09-02
U0008,2025-09-08,1.0,7.18,7.18,2025-09-08
U0008,2025-09-15,0.0,8.52,0.0,2025-09-19
U0008,2025-09-22,6.0,12.41,74.46,2025-09-26
U0009,2025-07-21,2.0,1.86,3.72,2025-07-22
U0009,2025-07-28,5.0,,,2025-08-01
U0009,2025-08-04,0.0,13.47,0.0,2025-08-06
U0009,2025-08-11,6.0,7.05,42.3,2025-08-17
U0009,2025-08-18,6.0,5.68,34.08,2025-08-22
U0009,2025-08-25,,11.55,,
U0009,2025-09-01,1.0,8.74,8.74,2025-09-03
U0009,2025-09-08,5.0,5.04,25.2,2025-09-12
U0009,2025-09-15,6.0,6.78,40.68,2025-09-19
U0009,2025-09-22,7.0,0.2,1.4,2025-09-28
U0010,2025-07-14,6.0,9.04,54.24,2025-07-20
U0010,2025-07-21,4.0,8.76,35.04,2025-07-27
U0010,2025-07-28,3.0,8.07,24.21,2025-08-02
U0010,2025-08-04,6.0,8.23,49.38,2025-08-04
U0010,2025-08-11,7.0,5.76,40.32,2025-08-12
U0010,2025-08-18,4.0,11.49,45.96,2025-08-23
U0010,2025-08-25,0.0,,,
U0010,2025-09-01,10.0,10.19,101.9,2025-09-03
U0010,2025-09-08,4.0,,,2025-09-11
U0010,2025-09-15,3.0,3.16,9.48,
U0011,2025-08-04,7.0,8.3,58.1,2025-08-05
U0011,2025-08-11,,13.12,,
U0011,2025-08-18,0.0,6.44,0.0,
U0011,2025-08-25,3.0,4.35,13.05,2025-08-29
U0011,2025-09-01,3.0,8.97,26.91,2025-09-02
U0011,2025-09-08,2.0,8.27,16.54,2025-09-08
U0011,2025-09-15,5.0,7.25,36.25,2025-09-20
U0011,2025-09-22,3.0,12.51,37.53,2025-09-26
U0011,2025-09-29,2.0,,,2025-10-04
U0011,2025-10-06,3.0,9.53,,2025-10-09
U0012,2025-07-28,2.0,1.7,3.4,2025-07-28
U0012,2025-08-04,8.0,5.19,41.52,2025-08-06
U0012,2025-08-11,1.0,3.71,3.71,2025-08-16
U0012,2025-08-18,2.0,10.58,21.16,2025-08-20
U0012,2025-08-25,6.0,7.34,44.04,2025-08-30
U0012,2025-09-01,6.0,9.31,55.86,2025-09-05
U0012,2025-09-08,0.0,12.42,0.0,2025-09-10
U0012,2025-09-15,11.0,7.78,85.58,2025-09-20
U0012,2025-09-22,0.0,9.0,0.0,
U0012,2025-09-29,11.0,8.04,88.44,2025-09-30
U0013,2025-09-08,0.0,5.37,0.0,
U0013,2025-09-15,4.0,17.64,70.56,2025-09-21
U0013,2025-09-22,4.0,6.85,27.4,
U0013,2025-09-29,5.0,8.49,42.45,2025-10-05
U0013,2025-10-06,6.0,10.26,61.56,2025-10-07
U0014,2025-08-18,1.0,10.23,10.23,2025-08-24
U0014,2025-08-25,0.0,13.54,0.0,
U0014,2025-09-01,6.0,4.45,26.7,2025-09-07
U0014,2025-09-08,4.0,3.14,12.56,2025-09-12
U0014,2025-09-15,2.0,11.04,22.08,2025-09-16
U0014,2025-09-22,0.0,9.31,0.0,2025-09-25
U0014,2025-09-29,3.0,9.46,28.38,2025-10-03
U0014,2025-10-06,7.0,,,
U0015,2025-09-08,11.0,6.09,66.99,2025-09-13
U0015,2025-09-15,3.0,9.17,27.51,2025-09-20
U0015,2025-09-22,1.0,13.25,13.25,2025-09-22
U0015,2025-09-29,4.0,13.56,54.24,2025-09-29
U0015,2025-10-06,5.0,11.89,59.45,2025-10-11
U0016,2025-09-08,6.0,4.36,26.16,2025-09-10
U0016,2025-09-15,0.0,9.69,0.0,
U0016,2025-09-22,5.0,8.02,,2025-09-24
U0016,2025-09-29,6.0,8.28,49.68,2025-10-02
U0016,2025-10-06,2.0,5.09,10.18,2025-10-10
U0017,2025-08-11,6.0,2.64,15.84,2025-08-11
U0017,2025-08-18,2.0,13.65,27.3,2025-08-20
U0017,2025-08-25,5.0,7.05,35.25,2025-08-26
U0017,2025-09-01,5.0,13.95,69.75,2025-09-01
U0017,2025-09-08,0.0,8.74,0.0,
U0017,2025-09-15,2.0,10.44,20.88,2025-09-17
U0017,2025-09-22,9.0,12.47,112.23,2025-09-24
U0017,2025-09-29,1.0,8.94,8.94,2025-10-01
U0017,2025-10-06,0.0,4.67,0.0,
U0018,2025-09-01,1.0,8.01,8.01,2025-09-07
U0018,2025-09-08,2.0,1.82,3.64,2025-09-10
U0018,2025-09-15,2.0,3.63,7.26,
U0018,2025-09-22,2.0,2.81,5.62,2025-09-24
U0018,2025-09-29,6.0,11.5,69.0,2025-10-05
U0018,2025-10-06,6.0,7.9,47.4,2025-10-09
U0019,2025-08-18,5.0,5.62,28.1,2025-08-19
U0019,2025-08-25,4.0,8.37,33.48,2025-08-27
U0019,2025-09-01,1.0,5.12,5.12,2025-09-04
U0019,2025-09-08,2.0,8.2,16.4,2025-09-11
U0019,2025-09-15,5.0,2.43,12.15,2025-09-19
U0019,2025-09-22,5.0,8.47,42.35,
U0019,2025-09-29,2.0,8.14,16.28,2025-10-04
U0019,2025-10-06,6.0,,,2025-10-12
U0020,2025-07-21,1.0,8.98,8.98,2025-07-21
U0020,2025-07-28,3.0,6.85,20.55,2025-07-31
U0020,2025-08-04,2.0,10.08,20.16,2025-08-07
U0020,2025-08-11,1.0,7.93,7.93,2025-08-14
U0020,2025-08-18,5.0,6.63,33.15,2025-08-18
U0020,2025-08-25,,6.39,,2025-08-26
U0020,2025-09-01,0.0,3.79,0.0,
U0020,2025-09-08,1.0,4.07,4.07,2025-09-10
U0020,2025-09-15,3.0,6.87,20.61,
U0020,2025-09-22,4.0,7.73,30.92,2025-09-26
U0021,2025-07-28,9.0,11.65,104.85,2025-07-28
U0021,2025-08-04,1.0,6.84,6.84,2025-08-09
U0021,2025-08-11,1.0,6.76,6.76,2025-08-17
U0021,2025-08-18,3.0,6.13,18.39,2025-08-23
U0021,2025-08-25,7.0,11.28,78.96,2025-08-25
U0021,2025-09-01,1.0,11.27,11.27,2025-09-07
U0021,2025-09-08,4.0,8.38,33.52,2025-09-11
U0021,2025-09-15,1.0,12.83,12.83,2025-09-20
U0021,2025-09-22,10.0,11.9,119.0,2025-09-25
U0021,2025-09-29,1.0,8.5,8.5,2025-10-04
U0022,2025-09-08,1.0,13.54,13.54,2025-09-10
U0022,2025-09-15,0.0,11.03,0.0,
U0022,2025-09-22,6.0,7.34,44.04,2025-09-23
U0022,2025-09-29,6.0,,,2025-09-29
U0022,2025-10-06,0.0,8.67,0.0,
U0023,2025-09-08,1.0,4.94,4.94,2025-09-14
U0023,2025-09-15,1.0,7.61,7.61,2025-09-21
U0023,2025-09-22,6.0,4.31,25.86,2025-09-24
U0023,2025-09-29,3.0,6.13,18.39,2025-10-02
U0023,2025-10-06,7.0,7.39,51.73,2025-10-06
U0024,2025-09-08,0.0,7.62,0.0,
U0024,2025-09-15,2.0,9.15,18.3,2025-09-16
U0024,2025-09-22,3.0,10.62,31.86,2025-09-23
U0024,2025-09-29,5.0,10.82,54.1,2025-10-03
U0024,2025-10-06,1.0,5.82,5.82,2025-10-10
U0025,2025-07-28,8.0,5.3,42.4,2025-07-29
U0025,2025-08-04,4.0,5.83,23.32,2025-08-10
U0025,2025-08-11,0.0,10.58,0.0,
U0025,2025-08-18,4.0,11.12,44.48,2025-08-19
U0025,2025-08-25,4.0,0.73,2.92,2025-08-27
U0025,2025-09-01,3.0,4.79,14.37,2025-09-07
U0025,2025-09-08,7.0,8.81,61.67,2025-09-11
U0025,2025-09-15,1.0,4.66,,2025-09-16
U0025,2025-09-22,7.0,4.48,31.36,2025-09-27
U0025,2025-09-29,0.0,10.41,0.0,
U0026,2025-08-04,6.0,5.16,30.96,2025-08-07
U0026,2025-08-11,7.0,5.68,39.76,2025-08-16
U0026,2025-08-18,1.0,1.34,1.34,2025-08-21
U0026,2025-08-25,9.0,5.65,50.85,
U0026,2025-09-01,6.0,7.03,42.18,2025-09-01
U0026,2025-09-08,8.0,5.72,,2025-09-09
U0026,2025-09-15,6.0,9.55,57.3,2025-09-21
U0026,2025-09-22,1.0,5.05,5.05,
U0026,2025-09-29,2.0,5.13,10.26,2025-10-05
U0026,2025-10-06,1.0,8.83,8.83,2025-10-12
U0027,2025-07-21,1.0,4.98,4.98,2025-07-23
U0027,2025-07-28,0.0,5.43,0.0,
U0027,2025-08-04,3.0,5.24,15.72,2025-08-04
U0027,2025-08-11,6.0,5.92,35.52,2025-08-15
U0027,2025-08-18,6.0,6.06,36.36,2025-08-22
U0027,2025-08-25,0.0,3.85,0.0,
U0027,2025-09-01,3.0,9.98,29.94,2025-09-05
U0027,2025-09-08,1.0,6.94,6.94,2025-09-10
U0027,2025-09-15,7.0,8.93,62.51,2025-09-21
U0027,2025-09-22,6.0,8.63,51.78,2025-09-23
U0028,2025-09-08,0.0,13.01,,
U0028,2025-09-15,5.0,11.72,58.6,2025-09-19
U0028,2025-09-22,1.0,6.5,6.5,2025-09-25
U0028,2025-09-29,1.0,8.03,8.03,2025-10-02
U0028,2025-10-06,1.0,5.13,5.13,2025-10-10
U0029,2025-08-25,2.0,9.34,18.68,2025-08-28
U0029,2025-09-01,4.0,3.7,14.8,2025-09-04
U0029,2025-09-08,6.0,8.72,52.32,2025-09-12
U0029,2025-09-15,0.0,12.76,0.0,
U0029,2025-09-22,2.0,10.07,20.14,2025-09-25
U0029,2025-09-29,7.0,14.21,99.47,2025-10-04
U0029,2025-10-06,6.0,,,2025-10-09
U0030,2025-09-08,9.0,11.17,100.53,2025-09-09
U0030,2025-09-15,4.0,5.49,21.96,2025-09-17
U0030,2025-09-22,8.0,5.27,42.16,2025-09-23
U0030,2025-09-29,4.0,6.36,25.44,2025-10-04
U0030,2025-10-06,3.0,9.44,28.32,2025-10-11
U0031,2025-07-21,10.0,9.97,99.7,2025-07-25
U0031,2025-07-28,8.0,9.87,78.96,2025-07-30
U0031,2025-08-04,9.0,3.61,32.49,2025-08-04
U0031,2025-08-11,1.0,3.99,3.99,2025-08-13
U0031,2025-08-18,6.0,12.45,,2025-08-22
U0031,2025-08-25,3.0,7.28,21.84,2025-08-29
U0031,2025-09-01,0.0,,,2025-09-05
U0031,2025-09-08,4.0,7.0,28.0,2025-09-10
U0031,2025-09-15,1.0,3.22,3.22,2025-09-20
U0031,2025-09-22,6.0,7.23,43.38,2025-09-24
U0032,2025-08-25,3.0,10.49,31.47,
U0032,2025-09-01,1.0,6.09,6.09,2025-09-04
U0032,2025-09-08,6.0,8.3,49.8,2025-09-14
U0032,2025-09-15,0.0,7.37,0.0,
U0032,2025-09-22,0.0,10.9,0.0,
U0032,2025-09-29,2.0,6.16,12.32,
U0032,2025-10-06,6.0,11.69,70.14,2025-10-07
U0033,2025-09-08,7.0,4.75,33.25,2025-09-10
U0033,2025-09-15,2.0,11.45,22.9,2025-09-21
U0033,2025-09-22,1.0,7.9,7.9,2025-09-24
U0033,2025-09-29,2.0,4.99,9.98,2025-10-03
U0033,2025-10-06,5.0,10.06,50.3,2025-10-07
U0034,2025-09-01,10.0,4.84,48.4,2025-09-01
U0034,2025-09-08,4.0,7.11,28.44,2025-09-10
U0034,2025-09-15,2.0,12.23,24.46,2025-09-17
U0034,2025-09-22,2.0,11.13,22.26,2025-09-28
U0034,2025-09-29,5.0,9.61,48.05,2025-09-29
U0034,2025-10-06,,6.95,,
U0035,2025-08-11,2.0,15.38,30.76,2025-08-14
U0035,2025-08-18,8.0,8.61,68.88,2025-08-24
U0035,2025-08-25,8.0,9.02,72.16,2025-08-30
U0035,2025-09-01,5.0,7.39,36.95,2025-09-01
U0035,2025-09-08,1.0,6.31,6.31,2025-09-13
U0035,2025-09-15,2.0,8.1,16.2,2025-09-16
U0035,2025-09-22,0.0,3.23,0.0,
U0035,2025-09-29,8.0,3.31,26.48,2025-09-29
U0035,2025-10-06,6.0,13.29,79.74,
U0036,2025-07-21,4.0,11.0,44.0,2025-07-27
U0036,2025-07-28,3.0,8.87,26.61,2025-07-28
U0036,2025-08-04,5.0,6.87,34.35,2025-08-04
U0036,2025-08-11,2.0,10.32,20.64,2025-08-13
U0036,2025-08-18,2.0,4.61,9.22,2025-08-24
U0036,2025-08-25,0.0,9.18,0.0,2025-08-29
U0036,2025-09-01,3.0,6.48,19.44,2025-09-03
U0036,2025-09-08,1.0,8.62,8.62,2025-09-10
U0036,2025-09-15,0.0,10.05,0.0,
U0036,2025-09-22,0.0,10.62,0.0,
U0037,2025-07-21,3.0,10.33,30.99,2025-07-27
U0037,2025-07-28,6.0,6.6,39.6,2025-08-03
U0037,2025-08-04,2.0,11.25,22.5,2025-08-06
U0037,2025-08-11,,3.1,,2025-08-13
U0037,2025-08-18,3.0,5.31,15.93,2025-08-23
U0037,2025-08-25,3.0,4.07,12.21,2025-08-25
U0037,2025-09-01,5.0,4.4,22.0,2025-09-05
U0037,2025-09-08,1.0,5.17,5.17,2025-09-13
U0037,2025-09-15,6.0,8.89,53.34,2025-09-16
U0037,2025-09-22,4.0,11.23,44.92,2025-09-28
U0038,2025-07-21,0.0,5.18,0.0,
U0038,2025-07-28,3.0,6.7,,2025-07-31
U0038,2025-08-04,0.0,8.09,0.0,
U0038,2025-08-11,1.0,8.67,8.67,2025-08-12
U0038,2025-08-18,1.0,5.0,5.0,2025-08-20
U0038,2025-08-25,3.0,5.76,17.28,2025-08-26
U0038,2025-09-01,7.0,4.61,32.27,2025-09-01
U0038,2025-09-08,0.0,12.25,0.0,
U0038,2025-09-15,0.0,3.38,0.0,
U0038,2025-09-22,1.0,3.04,3.04,
U0039,2025-07-21,1.0,6.07,6.07,2025-07-23
U0039,2025-07-28,0.0,8.06,0.0,
U0039,2025-08-04,1.0,8.3,8.3,2025-08-04
U0039,2025-08-11,0.0,8.93,0.0,
U0039,2025-08-18,7.0,7.15,50.05,2025-08-19
U0039,2025-08-25,6.0,11.66,69.96,2025-08-25
U0039,2025-09-01,3.0,8.91,26.73,2025-09-01
U0039,2025-09-08,8.0,10.06,80.48,2025-09-09
U0039,2025-09-15,2.0,4.96,9.92,2025-09-21
U0039,2025-09-22,8.0,9.7,77.6,
U0040,2025-08-25,1.0,12.45,12.45,2025-08-30
U0040,2025-09-01,1.0,5.58,5.58,2025-09-01
U0040,2025-09-08,4.0,9.23,36.92,2025-09-12
U0040,2025-09-15,7.0,16.47,115.29,2025-09-16
U0040,2025-09-22,0.0,5.11,0.0,
U0040,2025-09-29,1.0,5.1,5.1,2025-09-30
U0040,2025-10-06,6.0,5.17,31.02,2025-10-07
U0041,2025-07-21,2.0,13.31,26.62,2025-07-24
U0041,2025-07-28,0.0,,,
U0041,2025-08-04,9.0,9.8,88.2,2025-08-10
U0041,2025-08-11,,7.96,,2025-08-14
U0041,2025-08-18,3.0,6.01,18.03,2025-08-18
U0041,2025-08-25,4.0,7.21,28.84,2025-08-27
U0041,2025-09-01,0.0,10.45,0.0,
U0041,2025-09-08,0.0,,,
U0041,2025-09-15,0.0,3.03,0.0,2025-09-18
U0041,2025-09-22,2.0,7.38,14.76,2025-09-22
U0042,2025-07-14,1.0,6.97,6.97,2025-07-19
U0042,2025-07-21,1.0,,,2025-07-25
U0042,2025-07-28,3.0,12.49,37.47,2025-07-28
U0042,2025-08-04,4.0,1.81,7.24,2025-08-04
U0042,2025-08-11,5.0,11.76,58.8,2025-08-15
U0042,2025-08-18,5.0,12.01,60.05,2025-08-23
U0042,2025-08-25,,8.13,,
U0042,2025-09-01,1.0,14.31,,2025-09-03
U0042,2025-09-08,2.0,10.85,21.7,2025-09-14
U0042,2025-09-15,5.0,7.4,37.0,2025-09-19
U0043,2025-07-21,1.0,7.84,7.84,2025-07-26
U0043,2025-07-28,14.0,6.17,86.38,2025-08-03
U0043,2025-08-04,,4.95,,
U0043,2025-08-11,7.0,,,2025-08-13
U0043,2025-08-18,10.0,7.28,72.8,2025-08-20
U0043,2025-08-25,1.0,5.22,5.22,2025-08-30
U0043,2025-09-01,1.0,9.04,9.04,2025-09-04
U0043,2025-09-08,4.0,4.23,16.92,2025-09-08
U0043,2025-09-15,0.0,11.91,0.0,
U0043,2025-09-22,6.0,7.43,44.58,2025-09-27
U0044,2025-09-08,5.0,5.62,28.1,2025-09-14
U0044,2025-09-15,0.0,8.55,0.0,
U0044,2025-09-22,1.0,2.96,2.96,
U0044,2025-09-29,0.0,11.04,0.0,
U0044,2025-10-06,1.0,6.2,6.2,2025-10-12
U0045,2025-07-28,3.0,4.27,12.81,2025-07-30
U0045,2025-08-04,0.0,9.48,0.0,2025-08-04
U0045,2025-08-11,7.0,5.58,39.06,2025-08-17
U0045,2025-08-18,1.0,11.64,11.64,2025-08-18
U0045,2025-08-25,0.0,11.68,0.0,2025-08-28
U0045,2025-09-01,5.0,9.38,46.9,
U0045,2025-09-08,6.0,10.87,65.22,2025-09-10
U0045,2025-09-15,4.0,7.63,30.52,2025-09-19
U0045,2025-09-22,2.0,5.52,11.04,2025-09-23
U0045,2025-09-29,0.0,9.86,0.0,
U0046,2025-07-28,0.0,6.47,0.0,2025-07-28
U0046,2025-08-04,0.0,11.35,0.0,2025-08-04
U0046,2025-08-11,3.0,13.1,39.3,2025-08-15
U0046,2025-08-18,2.0,10.26,20.52,2025-08-20
U0046,2025-08-25,2.0,9.63,19.26,2025-08-26
U0046,2025-09-01,0.0,9.14,0.0,
U0046,2025-09-08,3.0,8.84,26.52,2025-09-11
U0046,2025-09-15,9.0,1.84,,2025-09-19
U0046,2025-09-22,1.0,6.98,6.98,2025-09-27
U0046,2025-09-29,7.0,11.68,81.76,2025-09-30
U0047,2025-08-18,7.0,7.12,49.84,2025-08-23
U0047,2025-08-25,7.0,5.31,37.17,2025-08-31
U0047,2025-09-01,6.0,,,2025-09-06
U0047,2025-09-08,5.0,6.7,,2025-09-11
U0047,2025-09-15,6.0,11.13,66.78,2025-09-17
U0047,2025-09-22,5.0,15.77,78.85,2025-09-27
U0047,2025-09-29,5.0,7.74,38.7,2025-10-05
U0047,2025-10-06,1.0,8.62,8.62,2025-10-07
U0048,2025-08-04,1.0,7.48,7.48,2025-08-07
U0048,2025-08-11,3.0,10.95,32.85,2025-08-16
U0048,2025-08-18,2.0,3.83,7.66,2025-08-20
U0048,2025-08-25,1.0,6.61,6.61,2025-08-25
U0048,2025-09-01,5.0,6.87,34.35,2025-09-02
U0048,2025-09-08,2.0,9.92,19.84,2025-09-08
U0048,2025-09-15,5.0,7.17,35.85,2025-09-15
U0048,2025-09-22,3.0,9.25,27.75,2025-09-25
U0048,2025-09-29,8.0,7.31,58.48,2025-09-29
U0048,2025-10-06,4.0,9.71,,2025-10-08
U0049,2025-09-08,6.0,8.16,48.96,2025-09-13
U0049,2025-09-15,2.0,10.35,20.7,2025-09-17
U0049,2025-09-22,2.0,7.12,14.24,2025-09-26
U0049,2025-09-29,2.0,10.77,21.54,2025-09-30
U0049,2025-10-06,5.0,4.72,23.6,2025-10-08
U0050,2025-08-18,3.0,6.99,20.97,2025-08-20
U0050,2025-08-25,2.0,7.51,15.02,
U0050,2025-09-01,9.0,3.29,29.61,2025-09-07
U0050,2025-09-08,7.0,10.97,76.79,2025-09-10
U0050,2025-09-15,4.0,10.23,40.92,2025-09-19
U0050,2025-09-22,1.0,7.65,7.65,2025-09-27
U0050,2025-09-29,5.0,5.67,28.35,2025-10-04
U0050,2025-10-06,0.0,8.57,0.0,
U0051,2025-07-28,3.0,3.79,11.37,2025-08-01
U0051,2025-08-04,4.0,8.42,33.68,2025-08-06
U0051,2025-08-11,0.0,3.46,0.0,
U0051,2025-08-18,3.0,5.35,16.05,2025-08-24
U0051,2025-08-25,3.0,9.98,29.94,2025-08-29
U0051,2025-09-01,4.0,7.05,28.2,2025-09-07
U0051,2025-09-08,3.0,9.05,27.15,2025-09-13
U0051,2025-09-15,2.0,3.72,7.44,2025-09-21
U0051,2025-09-22,2.0,10.18,20.36,2025-09-24
U0051,2025-09-29,2.0,9.45,18.9,2025-10-03
U0052,2025-07-21,3.0,7.96,23.88,
U0052,2025-07-28,2.0,,,2025-08-01
U0052,2025-08-04,1.0,8.76,8.76,2025-08-08
U0052,2025-08-11,3.0,8.99,26.97,2025-08-17
U0052,2025-08-18,5.0,5.02,25.1,2025-08-22
U0052,2025-08-25,2.0,,,2025-08-27
U0052,2025-09-01,7.0,11.56,80.92,2025-09-04
U0052,2025-09-08,5.0,9.15,45.75,2025-09-13
U0052,2025-09-15,7.0,7.67,53.69,
U0052,2025-09-22,3.0,5.65,16.95,2025-09-28
U0053,2025-07-28,7.0,0.2,1.4,2025-08-03
U0053,2025-08-04,0.0,13.67,0.0,
U0053,2025-08-11,2.0,6.8,13.6,2025-08-14
U0053,2025-08-18,5.0,6.74,33.7,2025-08-24
U0053,2025-08-25,2.0,3.95,7.9,2025-08-26
U0053,2025-09-01,3.0,6.58,19.74,2025-09-05
U0053,2025-09-08,7.0,7.6,53.2,2025-09-12
U0053,2025-09-15,5.0,8.14,40.7,2025-09-21
U0053,2025-09-22,2.0,1.71,3.42,2025-09-24
U0053,2025-09-29,3.0,,,2025-10-02
U0054,2025-08-11,2.0,2.76,5.52,2025-08-14
U0054,2025-08-18,6.0,6.72,40.32,2025-08-19
U0054,2025-08-25,0.0,4.05,0.0,
U0054,2025-09-01,2.0,0.36,0.72,2025-09-01
U0054,2025-09-08,0.0,8.59,0.0,
U0054,2025-09-15,3.0,7.77,23.31,2025-09-20
U0054,2025-09-22,5.0,4.49,22.45,2025-09-23
U0054,2025-09-29,5.0,7.7,38.5,
U0054,2025-10-06,1.0,6.71,6.71,2025-10-08
U0055,2025-08-11,2.0,,,2025-08-16
U0055,2025-08-18,0.0,4.21,0.0,
U0055,2025-08-25,1.0,8.45,8.45,2025-08-30
U0055,2025-09-01,4.0,7.69,30.76,2025-09-01
U0055,2025-09-08,3.0,7.71,23.13,2025-09-12
U0055,2025-09-15,0.0,7.58,0.0,2025-09-15
U0055,2025-09-22,8.0,3.54,28.32,2025-09-24
U0055,2025-09-29,8.0,8.41,67.28,2025-10-03
U0055,2025-10-06,1.0,7.12,7.12,2025-10-08
U0056,2025-07-21,1.0,10.34,10.34,2025-07-26
U0056,2025-07-28,9.0,16.45,148.05,2025-07-28
U0056,2025-08-04,1.0,4.09,4.09,2025-08-08
U0056,2025-08-11,3.0,7.33,21.99,2025-08-12
U0056,2025-08-18,3.0,14.04,42.12,2025-08-22
U0056,2025-08-25,6.0,6.27,37.62,2025-08-31
U0056,2025-09-01,7.0,12.1,84.7,2025-09-05
U0056,2025-09-08,6.0,7.13,42.78,2025-09-09
U0056,2025-09-15,0.0,6.52,0.0,
U0056,2025-09-22,3.0,7.53,22.59,2025-09-22
U0057,2025-08-25,2.0,7.04,14.08,2025-08-30
U0057,2025-09-01,7.0,8.36,58.52,2025-09-06
U0057,2025-09-08,6.0,5.61,33.66,2025-09-14
U0057,2025-09-15,5.0,8.11,40.55,2025-09-19
U0057,2025-09-22,2.0,10.88,,2025-09-24
U0057,2025-09-29,6.0,8.58,51.48,2025-10-02
U0057,2025-10-06,0.0,11.31,0.0,2025-10-09
U0058,2025-08-18,7.0,10.46,73.22,2025-08-24
U0058,2025-08-25,2.0,5.89,11.78,2025-08-26
U0058,2025-09-01,4.0,2.05,8.2,2025-09-02
U0058,2025-09-08,6.0,5.81,34.86,2025-09-14
U0058,2025-09-15,,1.43,,
U0058,2025-09-22,8.0,12.1,96.8,2025-09-26
U0058,2025-09-29,0.0,3.64,0.0,2025-10-04
U0058,2025-10-06,8.0,8.63,69.04,
U0059,2025-08-25,0.0,7.84,0.0,
U0059,2025-09-01,0.0,10.83,0.0,
U0059,2025-09-08,,13.91,,
U0059,2025-09-15,5.0,9.89,49.45,2025-09-20
U0059,2025-09-22,6.0,4.73,28.38,2025-09-25
U0059,2025-09-29,5.0,10.54,52.7,2025-10-03
U0059,2025-10-06,0.0,9.42,0.0,
U0060,2025-08-11,3.0,4.33,12.99,2025-08-13
U0060,2025-08-18,5.0,10.37,51.85,2025-08-24
U0060,2025-08-25,2.0,11.63,23.26,2025-08-31
U0060,2025-09-01,2.0,16.72,33.44,2025-09-07
U0060,2025-09-08,1.0,8.33,8.33,2025-09-08
U0060,2025-09-15,2.0,8.93,17.86,2025-09-17
U0060,2025-09-22,0.0,6.93,0.0,
U0060,2025-09-29,7.0,12.46,87.22,2025-09-30
U0060,2025-10-06,3.0,8.52,25.56,2025-10-08
U0061,2025-09-01,0.0,,,
U0061,2025-09-08,2.0,8.4,16.8,2025-09-11
U0061,2025-09-15,4.0,7.97,31.88,2025-09-20
U0061,2025-09-22,2.0,9.62,19.24,2025-09-25
U0061,2025-09-29,4.0,15.9,63.6,2025-09-29
U0061,2025-10-06,,12.95,,2025-10-12
U0062,2025-08-25,4.0,12.89,51.56,2025-08-29
U0062,2025-09-01,,8.39,,
U0062,2025-09-08,4.0,6.82,27.28,2025-09-09
U0062,2025-09-15,,8.65,,
U0062,2025-09-22,1.0,11.87,11.87,2025-09-23
U0062,2025-09-29,3.0,7.9,23.7,2025-10-01
U0062,2025-10-06,1.0,5.24,5.24,2025-10-12
U0063,2025-07-28,5.0,7.02,35.1,2025-08-01
U0063,2025-08-04,5.0,8.94,44.7,2025-08-04
U0063,2025-08-11,3.0,1.67,5.01,2025-08-17
U0063,2025-08-18,0.0,10.65,0.0,
U0063,2025-08-25,3.0,6.38,19.14,2025-08-26
U0063,2025-09-01,3.0,10.04,30.12,2025-09-06
U0063,2025-09-08,1.0,,,2025-09-08
U0063,2025-09-15,3.0,7.34,22.02,2025-09-21
U0063,2025-09-22,8.0,7.57,60.56,2025-09-25
U0063,2025-09-29,2.0,11.07,22.14,2025-09-30
U0064,2025-08-11,2.0,11.85,23.7,2025-08-16
U0064,2025-08-18,0.0,9.89,0.0,
U0064,2025-08-25,4.0,8.09,32.36,2025-08-28
U0064,2025-09-01,0.0,4.05,0.0,
U0064,2025-09-08,5.0,4.37,21.85,2025-09-13
U0064,2025-09-15,4.0,10.33,41.32,2025-09-18
U0064,2025-09-22,5.0,9.42,47.1,2025-09-28
U0064,2025-09-29,0.0,7.74,0.0,
U0064,2025-10-06,4.0,5.59,22.36,2025-10-09
U0065,2025-07-28,0.0,7.68,0.0,
U0065,2025-08-04,0.0,10.58,0.0,
U0065,2025-08-11,2.0,10.99,21.98,2025-08-17
U0065,2025-08-18,9.0,12.62,113.58,2025-08-18
U0065,2025-08-25,0.0,10.01,0.0,
U0065,2025-09-01,,10.37,,
U0065,2025-09-08,2.0,9.77,19.54,2025-09-14
U0065,2025-09-15,1.0,6.41,6.41,2025-09-20
U0065,2025-09-22,6.0,4.51,27.06,2025-09-23
U0065,2025-09-29,2.0,9.06,18.12,2025-10-05
U0066,2025-09-01,1.0,10.13,10.13,2025-09-05
U0066,2025-09-08,8.0,7.14,57.12,2025-09-08
U0066,2025-09-15,2.0,4.56,9.12,2025-09-21
U0066,2025-09-22,4.0,8.42,33.68,2025-09-27
U0066,2025-09-29,1.0,8.33,8.33,2025-10-02
U0066,2025-10-06,0.0,10.05,0.0,
U0067,2025-08-11,3.0,5.11,15.33,2025-08-15
U0067,2025-08-18,1.0,6.52,6.52,2025-08-22
U0067,2025-08-25,1.0,14.73,14.73,2025-08-25
U0067,2025-09-01,0.0,9.94,0.0,
U0067,2025-09-08,5.0,10.12,50.6,
U0067,2025-09-15,1.0,6.37,6.37,2025-09-18
U0067,2025-09-22,0.0,8.94,0.0,
U0067,2025-09-29,9.0,10.44,93.96,2025-10-01
U0067,2025-10-06,5.0,8.0,40.0,2025-10-10
U0068,2025-08-11,,6.66,,
U0068,2025-08-18,0.0,8.56,0.0,2025-08-20
U0068,2025-08-25,4.0,14.05,56.2,2025-08-28
U0068,2025-09-01,4.0,7.96,31.84,2025-09-06
U0068,2025-09-08,4.0,9.34,37.36,
U0068,2025-09-15,0.0,0.51,0.0,
U0068,2025-09-22,7.0,3.24,22.68,2025-09-27
U0068,2025-09-29,4.0,0.94,3.76,2025-10-01
U0068,2025-10-06,3.0,3.88,11.64,
U0069,2025-07-14,3.0,5.81,17.43,
U0069,2025-07-21,0.0,10.08,0.0,2025-07-25
U0069,2025-07-28,2.0,6.25,12.5,2025-07-30
U0069,2025-08-04,3.0,9.34,28.02,2025-08-04
U0069,2025-08-11,7.0,9.51,66.57,2025-08-11
U0069,2025-08-18,2.0,6.27,12.54,2025-08-19
U0069,2025-08-25,2.0,11.22,22.44,2025-08-30
U0069,2025-09-01,5.0,6.81,34.05,2025-09-02
U0069,2025-09-08,11.0,7.29,80.19,2025-09-11
U0069,2025-09-15,0.0,6.11,0.0,2025-09-15
U0070,2025-07-21,1.0,11.75,11.75,2025-07-26
U0070,2025-07-28,1.0,6.89,6.89,2025-07-31
U0070,2025-08-04,4.0,9.88,39.52,2025-08-09
U0070,2025-08-11,0.0,13.54,0.0,
U0070,2025-08-18,1.0,4.2,4.2,2025-08-18
U0070,2025-08-25,5.0,9.77,48.85,2025-08-27
U0070,2025-09-01,5.0,4.0,20.0,
U0070,2025-09-08,0.0,7.82,0.0,2025-09-10
U0070,2025-09-15,6.0,3.47,20.82,2025-09-21
U0070,2025-09-22,3.0,4.5,13.5,
U0071,2025-08-04,2.0,2.97,5.94,2025-08-07
U0071,2025-08-11,12.0,12.44,149.28,2025-08-17
U0071,2025-08-18,5.0,8.36,41.8,2025-08-23
U0071,2025-08-25,4.0,11.56,46.24,2025-08-30
U0071,2025-09-01,3.0,12.0,36.0,2025-09-06
U0071,2025-09-08,0.0,8.15,0.0,2025-09-14
U0071,2025-09-15,1.0,,,2025-09-17
U0071,2025-09-22,0.0,4.34,0.0,
U0071,2025-09-29,0.0,,,
U0071,2025-10-06,6.0,7.91,47.46,2025-10-06
U0072,2025-08-04,1.0,7.31,7.31,2025-08-05
U0072,2025-08-11,5.0,10.14,50.7,2025-08-13
U0072,2025-08-18,1.0,11.6,11.6,2025-08-22
U0072,2025-08-25,2.0,6.39,12.78,2025-08-31
U0072,2025-09-01,,4.09,,
U0072,2025-09-08,2.0,8.86,17.72,2025-09-08
U0072,2025-09-15,7.0,8.05,56.35,2025-09-16
U0072,2025-09-22,5.0,10.25,51.25,2025-09-26
U0072,2025-09-29,4.0,6.97,27.88,2025-10-01
U0072,2025-10-06,8.0,3.53,28.24,2025-10-10
U0073,2025-09-08,4.0,6.94,27.76,2025-09-09
U0073,2025-09-15,1.0,9.34,9.34,2025-09-15
U0073,2025-09-22,1.0,8.88,8.88,2025-09-22
U0073,2025-09-29,5.0,8.96,44.8,2025-09-30
U0073,2025-10-06,7.0,8.71,60.97,2025-10-10
U0074,2025-08-11,0.0,3.57,0.0,2025-08-11
U0074,2025-08-18,6.0,4.8,28.8,2025-08-24
U0074,2025-08-25,11.0,9.31,102.41,2025-08-28
U0074,2025-09-01,0.0,8.98,0.0,
U0074,2025-09-08,1.0,7.31,7.31,2025-09-13
U0074,2025-09-15,2.0,9.13,18.26,2025-09-21
U0074,2025-09-22,5.0,7.7,38.5,2025-09-24
U0074,2025-09-29,2.0,12.94,25.88,2025-10-03
U0074,2025-10-06,5.0,6.31,31.55,2025-10-06
U0075,2025-08-18,7.0,12.27,85.89,2025-08-24
U0075,2025-08-25,1.0,7.53,7.53,2025-08-28
U0075,2025-09-01,11.0,10.23,112.53,2025-09-06
U0075,2025-09-08,3.0,6.19,18.57,2025-09-14
U0075,2025-09-15,0.0,5.47,0.0,2025-09-15
U0075,2025-09-22,7.0,7.46,52.22,2025-09-28
U0075,2025-09-29,6.0,4.38,26.28,2025-09-29
U0075,2025-10-06,4.0,8.13,32.52,2025-10-08
U0076,2025-07-28,4.0,1.84,7.36,2025-08-02
U0076,2025-08-04,5.0,5.28,26.4,2025-08-08
U0076,2025-08-11,6.0,6.76,40.56,2025-08-16
U0076,2025-08-18,5.0,10.57,52.85,2025-08-20
U0076,2025-08-25,2.0,7.02,14.04,2025-08-26
U0076,2025-09-01,7.0,6.22,43.54,2025-09-02
U0076,2025-09-08,0.0,7.15,0.0,
U0076,2025-09-15,3.0,9.65,28.95,2025-09-17
U0076,2025-09-22,4.0,9.38,37.52,2025-09-24
U0076,2025-09-29,0.0,7.01,0.0,2025-09-30
U0077,2025-09-08,0.0,8.23,0.0,
U0077,2025-09-15,1.0,7.4,7.4,2025-09-20
U0077,2025-09-22,6.0,2.75,16.5,2025-09-24
U0077,2025-09-29,0.0,,,2025-10-03
U0077,2025-10-06,2.0,6.84,13.68,2025-10-09
U0078,2025-08-25,6.0,13.11,78.66,2025-08-29
U0078,2025-09-01,7.0,4.91,34.37,2025-09-03
U0078,2025-09-08,0.0,4.21,0.0,
U0078,2025-09-15,3.0,7.37,22.11,2025-09-17
U0078,2025-09-22,5.0,8.87,44.35,2025-09-23
U0078,2025-09-29,2.0,6.65,13.3,2025-10-01
U0078,2025-10-06,1.0,5.55,5.55,2025-10-06
U0079,2025-08-25,7.0,10.19,71.33,2025-08-28
U0079,2025-09-01,3.0,10.77,32.31,2025-09-03
U0079,2025-09-08,0.0,5.12,0.0,
U0079,2025-09-15,2.0,6.02,12.04,2025-09-16
U0079,2025-09-22,0.0,4.98,0.0,2025-09-23
U0079,2025-09-29,6.0,7.92,,2025-10-05
U0079,2025-10-06,7.0,4.96,34.72,2025-10-08
U0080,2025-08-18,2.0,7.49,14.98,2025-08-19
U0080,2025-08-25,0.0,9.07,0.0,
U0080,2025-09-01,0.0,6.36,0.0,
U0080,2025-09-08,6.0,10.51,63.06,2025-09-13
U0080,2025-09-15,1.0,12.54,12.54,2025-09-19
U0080,2025-09-22,5.0,7.09,35.45,2025-09-25
U0080,2025-09-29,0.0,8.39,0.0,
U0080,2025-10-06,8.0,4.29,34.32,2025-10-07
U0081,2025-08-04,4.0,6.97,27.88,2025-08-09
U0081,2025-08-11,9.0,6.21,55.89,2025-08-14
U0081,2025-08-18,5.0,11.51,57.55,2025-08-18
U0081,2025-08-25,0.0,8.46,0.0,2025-08-29
U0081,2025-09-01,1.0,8.8,8.8,2025-09-06
U0081,2025-09-08,6.0,7.19,43.14,2025-09-09
U0081,2025-09-15,1.0,6.59,6.59,2025-09-17
U0081,2025-09-22,1.0,5.05,5.05,2025-09-25
U0081,2025-09-29,1.0,12.09,12.09,2025-10-03
U0081,2025-10-06,4.0,9.69,38.76,2025-10-11
U0082,2025-08-04,2.0,5.56,11.12,2025-08-09
U0082,2025-08-11,5.0,3.64,18.2,2025-08-17
U0082,2025-08-18,6.0,10.96,65.76,2025-08-18
U0082,2025-08-25,,10.28,,2025-08-25
U0082,2025-09-01,0.0,7.8,0.0,2025-09-07
U0082,2025-09-08,0.0,6.62,0.0,
U0082,2025-09-15,5.0,9.21,46.05,2025-09-21
U0082,2025-09-22,,6.79,,
U0082,2025-09-29,4.0,,,2025-10-01
U0082,2025-10-06,0.0,9.95,0.0,
U0083,2025-09-08,3.0,11.43,34.29,2025-09-10
U0083,2025-09-15,2.0,9.65,19.3,2025-09-15
U0083,2025-09-22,8.0,7.45,59.6,2025-09-28
U0083,2025-09-29,5.0,8.63,43.15,2025-10-03
U0083,2025-10-06,1.0,3.73,3.73,2025-10-07
U0084,2025-09-01,5.0,6.99,34.95,2025-09-05
U0084,2025-09-08,6.0,12.22,73.32,2025-09-12
U0084,2025-09-15,1.0,7.85,7.85,2025-09-19
U0084,2025-09-22,0.0,11.01,0.0,
U0084,2025-09-29,4.0,12.39,49.56,2025-10-03
U0084,2025-10-06,4.0,8.73,34.92,2025-10-08
U0085,2025-07-28,5.0,11.51,57.55,2025-08-01
U0085,2025-08-04,3.0,5.2,15.6,
U0085,2025-08-11,0.0,10.53,0.0,
U0085,2025-08-18,5.0,4.66,23.3,2025-08-24
U0085,2025-08-25,,9.07,,
U0085,2025-09-01,3.0,8.09,24.27,2025-09-07
U0085,2025-09-08,2.0,11.95,23.9,2025-09-09
U0085,2025-09-15,4.0,5.27,21.08,2025-09-15
U0085,2025-09-22,0.0,6.48,0.0,
U0085,2025-09-29,9.0,1.13,10.17,2025-09-29
U0086,2025-07-28,1.0,5.26,5.26,2025-08-03
U0086,2025-08-04,4.0,11.48,45.92,2025-08-10
U0086,2025-08-11,8.0,8.74,69.92,2025-08-14
U0086,2025-08-18,3.0,5.85,17.55,2025-08-19
U0086,2025-08-25,0.0,,,2025-08-27
U0086,2025-09-01,4.0,2.31,9.24,2025-09-05
U0086,2025-09-08,8.0,7.24,57.92,2025-09-13
U0086,2025-09-15,1.0,12.59,12.59,2025-09-21
U0086,2025-09-22,5.0,9.51,47.55,2025-09-28
U0086,2025-09-29,5.0,13.95,69.75,2025-10-05
U0087,2025-08-04,7.0,7.07,49.49,2025-08-09
U0087,2025-08-11,6.0,9.58,57.48,2025-08-12
U0087,2025-08-18,1.0,2.66,2.66,2025-08-23
U0087,2025-08-25,0.0,9.18,0.0,
U0087,2025-09-01,8.0,3.71,29.68,2025-09-03
U0087,2025-09-08,0.0,9.79,0.0,2025-09-08
U0087,2025-09-15,1.0,9.92,9.92,2025-09-15
U0087,2025-09-22,8.0,6.5,52.0,2025-09-23
U0087,2025-09-29,5.0,8.12,40.6,2025-10-05
U0087,2025-10-06,7.0,4.18,29.26,2025-10-12
U0088,2025-07-21,1.0,0.69,0.69,
U0088,2025-07-28,1.0,5.49,5.49,2025-08-03
U0088,2025-08-04,4.0,7.83,31.32,2025-08-04
U0088,2025-08-11,5.0,6.7,33.5,2025-08-12
U0088,2025-08-18,3.0,7.17,21.51,2025-08-19
U0088,2025-08-25,1.0,10.58,10.58,2025-08-28
U0088,2025-09-01,,9.42,,2025-09-06
U0088,2025-09-08,,11.7,,
U0088,2025-09-15,2.0,6.63,13.26,2025-09-21
U0088,2025-09-22,0.0,13.48,0.0,
U0089,2025-08-18,4.0,3.17,12.68,2025-08-22
U0089,2025-08-25,2.0,8.55,17.1,2025-08-25
U0089,2025-09-01,7.0,11.23,78.61,2025-09-04
U0089,2025-09-08,10.0,8.56,85.6,2025-09-13
U0089,2025-09-15,9.0,8.8,79.2,2025-09-20
U0089,2025-09-22,1.0,5.5,5.5,2025-09-28
U0089,2025-09-29,6.0,5.52,33.12,2025-09-30
U0089,2025-10-06,1.0,5.61,5.61,2025-10-06
U0090,2025-09-08,6.0,,,2025-09-10
U0090,2025-09-15,3.0,1.42,4.26,2025-09-19
U0090,2025-09-22,1.0,11.53,11.53,2025-09-27
U0090,2025-09-29,2.0,7.1,14.2,2025-10-04
U0090,2025-10-06,5.0,,,
U0091,2025-09-01,1.0,1.16,1.16,2025-09-06
U0091,2025-09-08,0.0,7.6,0.0,2025-09-12
U0091,2025-09-15,0.0,8.85,0.0,2025-09-20
U0091,2025-09-22,5.0,12.57,62.85,2025-09-27
U0091,2025-09-29,0.0,10.94,0.0,
U0091,2025-10-06,0.0,7.03,0.0,
U0092,2025-09-01,3.0,10.3,30.9,2025-09-01
U0092,2025-09-08,5.0,5.24,26.2,2025-09-10
U0092,2025-09-15,2.0,14.73,29.46,2025-09-15
U0092,2025-09-22,1.0,4.78,4.78,2025-09-24
U0092,2025-09-29,1.0,6.1,6.1,2025-09-29
U0092,2025-10-06,2.0,8.93,17.86,2025-10-12
U0093,2025-07-28,10.0,6.4,,
U0093,2025-08-04,3.0,4.45,13.35,2025-08-06
U0093,2025-08-11,,14.19,,
U0093,2025-08-18,5.0,8.67,43.35,2025-08-22
U0093,2025-08-25,2.0,9.28,18.56,2025-08-30
U0093,2025-09-01,4.0,,,2025-09-03
U0093,2025-09-08,4.0,5.74,22.96,
U0093,2025-09-15,0.0,9.88,0.0,
U0093,2025-09-22,6.0,4.12,24.72,2025-09-26
U0093,2025-09-29,6.0,15.79,94.74,2025-10-04
U0094,2025-08-25,5.0,7.53,,
U0094,2025-09-01,1.0,3.19,3.19,2025-09-06
U0094,2025-09-08,0.0,3.18,0.0,2025-09-11
U0094,2025-09-15,4.0,8.74,34.96,2025-09-20
U0094,2025-09-22,2.0,11.37,22.74,2025-09-27
U0094,2025-09-29,1.0,9.26,9.26,2025-09-30
U0094,2025-10-06,8.0,11.82,94.56,2025-10-12
U0095,2025-08-25,0.0,10.42,0.0,
U0095,2025-09-01,1.0,8.48,8.48,2025-09-02
U0095,2025-09-08,6.0,4.65,27.9,2025-09-14
U0095,2025-09-15,4.0,8.31,33.24,2025-09-17
U0095,2025-09-22,7.0,8.65,60.55,2025-09-28
U0095,2025-09-29,1.0,12.35,12.35,2025-10-05
U0095,2025-10-06,0.0,11.26,0.0,2025-10-12
U0096,2025-08-25,1.0,7.47,7.47,2025-08-25
U0096,2025-09-01,1.0,10.91,10.91,2025-09-02
U0096,2025-09-08,2.0,5.95,11.9,2025-09-14
U0096,2025-09-15,2.0,7.67,15.34,
U0096,2025-09-22,2.0,7.41,14.82,2025-09-26
U0096,2025-09-29,1.0,9.43,9.43,2025-10-04
U0096,2025-10-06,2.0,8.03,16.06,2025-10-08
U0097,2025-08-25,5.0,2.9,14.5,
U0097,2025-09-01,9.0,11.88,106.92,2025-09-05
U0097,2025-09-08,5.0,8.24,41.2,2025-09-14
U0097,2025-09-15,6.0,11.4,68.4,2025-09-17
U0097,2025-09-22,0.0,6.14,0.0,2025-09-24
U0097,2025-09-29,0.0,8.51,0.0,
U0097,2025-10-06,1.0,6.35,6.35,2025-10-09
U0098,2025-08-25,1.0,4.99,4.99,2025-08-29
U0098,2025-09-01,4.0,7.79,31.16,2025-09-07
U0098,2025-09-08,7.0,10.84,75.88,2025-09-12
U0098,2025-09-15,0.0,12.29,0.0,
U0098,2025-09-22,5.0,10.57,52.85,2025-09-28
U0098,2025-09-29,4.0,6.08,24.32,2025-10-01
U0098,2025-10-06,7.0,4.19,29.33,2025-10-06
U0099,2025-08-18,3.0,1.23,3.69,2025-08-21
U0099,2025-08-25,6.0,8.81,52.86,2025-08-28
U0099,2025-09-01,8.0,11.16,89.28,2025-09-02
U0099,2025-09-08,3.0,5.79,17.37,2025-09-13
U0099,2025-09-15,0.0,6.61,0.0,2025-09-16
U0099,2025-09-22,5.0,12.51,62.55,2025-09-22
U0099,2025-09-29,0.0,10.37,0.0,
U0099,2025-10-06,0.0,6.16,0.0,
U0100,2025-08-18,0.0,11.38,0.0,
U0100,2025-08-25,4.0,9.83,39.32,2025-08-28
U0100,2025-09-01,1.0,6.51,6.51,2025-09-01
U0100,2025-09-08,0.0,10.3,0.0,
U0100,2025-09-15,5.0,8.32,41.6,2025-09-19
U0100,2025-09-22,7.0,5.43,38.01,2025-09-28
U0100,2025-09-29,3.0,10.77,32.31,2025-09-29
U0100,2025-10-06,2.0,7.37,14.74,2025-10-10
U0101,2025-08-18,6.0,12.5,75.0,2025-08-21
U0101,2025-08-25,7.0,7.83,54.81,2025-08-25
U0101,2025-09-01,5.0,8.67,43.35,2025-09-05
U0101,2025-09-08,2.0,4.9,9.8,2025-09-14
U0101,2025-09-15,0.0,11.07,0.0,2025-09-19
U0101,2025-09-22,5.0,13.74,68.7,2025-09-24
U0101,2025-09-29,2.0,7.93,15.86,2025-10-04
U0101,2025-10-06,1.0,7.29,7.29,2025-10-07
U0102,2025-08-25,8.0,9.65,77.2,2025-08-27
U0102,2025-09-01,6.0,15.79,94.74,2025-09-04
U0102,2025-09-08,1.0,8.98,8.98,2025-09-09
U0102,2025-09-15,4.0,12.04,48.16,2025-09-20
U0102,2025-09-22,3.0,6.18,18.54,2025-09-23
U0102,2025-09-29,3.0,0.62,1.86,2025-10-02
U0102,2025-10-06,6.0,4.7,28.2,2025-10-09
U0103,2025-08-25,0.0,8.71,0.0,
U0103,2025-09-01,3.0,6.48,19.44,2025-09-01
U0103,2025-09-08,3.0,10.34,31.02,2025-09-10
U0103,2025-09-15,7.0,3.54,24.78,2025-09-18
U0103,2025-09-22,7.0,5.66,39.62,2025-09-25
U0103,2025-09-29,0.0,8.79,0.0,
U0103,2025-10-06,6.0,6.46,38.76,2025-10-12
U0104,2025-07-14,2.0,10.39,20.78,2025-07-18
U0104,2025-07-21,5.0,2.57,12.85,2025-07-22
U0104,2025-07-28,1.0,11.02,11.02,2025-07-30
U0104,2025-08-04,6.0,7.61,45.66,2025-08-07
U0104,2025-08-11,0.0,8.56,0.0,
U0104,2025-08-18,4.0,5.59,22.36,2025-08-18
U0104,2025-08-25,0.0,6.58,0.0,
U0104,2025-09-01,8.0,7.24,57.92,2025-09-04
U0104,2025-09-08,5.0,8.38,41.9,2025-09-12
U0104,2025-09-15,0.0,9.02,0.0,
U0105,2025-08-04,3.0,7.48,22.44,2025-08-09
U0105,2025-08-11,1.0,7.87,7.87,
U0105,2025-08-18,4.0,2.92,11.68,2025-08-19
U0105,2025-08-25,0.0,6.15,0.0,
U0105,2025-09-01,6.0,8.88,53.28,2025-09-07
U0105,2025-09-08,5.0,10.17,50.85,2025-09-08
U0105,2025-09-15,0.0,5.78,0.0,
U0105,2025-09-22,7.0,10.83,75.81,
U0105,2025-09-29,0.0,8.28,0.0,
U0105,2025-10-06,,8.62,,
U0106,2025-07-14,7.0,9.34,65.38,2025-07-17
U0106,2025-07-21,,5.85,,
U0106,2025-07-28,1.0,1.62,1.62,
U0106,2025-08-04,5.0,7.4,37.0,2025-08-05
U0106,2025-08-11,8.0,9.49,75.92,2025-08-12
U0106,2025-08-18,1.0,5.41,5.41,2025-08-23
U0106,2025-08-25,2.0,6.73,13.46,2025-08-25
U0106,2025-09-01,0.0,6.09,0.0,
U0106,2025-09-08,0.0,12.45,0.0,
U0106,2025-09-15,11.0,3.71,40.81,2025-09-16
U0107,2025-08-25,0.0,3.48,0.0,
U0107,2025-09-01,8.0,9.8,78.4,2025-09-07
U0107,2025-09-08,12.0,,,2025-09-11
U0107,2025-09-15,1.0,8.84,8.84,2025-09-18
U0107,2025-09-22,3.0,13.82,41.46,2025-09-27
U0107,2025-09-29,,4.41,,
U0107,2025-10-06,6.0,5.66,33.96,2025-10-06
U0108,2025-09-08,1.0,11.1,11.1,2025-09-14
U0108,2025-09-15,3.0,6.99,20.97,2025-09-20
U0108,2025-09-22,1.0,11.05,11.05,
U0108,2025-09-29,1.0,8.51,8.51,2025-09-29
U0108,2025-10-06,2.0,1.5,3.0,
U0109,2025-09-01,2.0,11.33,22.66,2025-09-02
U0109,2025-09-08,1.0,13.39,13.39,2025-09-09
U0109,2025-09-15,2.0,6.87,13.74,2025-09-21
U0109,2025-09-22,0.0,7.79,0.0,
U0109,2025-09-29,0.0,6.36,0.0,
U0109,2025-10-06,6.0,12.84,77.04,
U0110,2025-08-18,1.0,6.76,6.76,2025-08-24
U0110,2025-08-25,4.0,7.55,30.2,2025-08-27
U0110,2025-09-01,1.0,9.36,9.36,2025-09-04
U0110,2025-09-08,2.0,9.94,19.88,2025-09-12
U0110,2025-09-15,5.0,4.0,20.0,2025-09-20
U0110,2025-09-22,5.0,13.37,66.85,2025-09-26
U0110,2025-09-29,3.0,8.12,24.36,2025-10-05
U0110,2025-10-06,4.0,13.76,55.04,2025-10-10
U0111,2025-08-04,3.0,8.28,24.84,2025-08-04
U0111,2025-08-11,7.0,9.4,65.8,
U0111,2025-08-18,8.0,10.01,80.08,2025-08-24
U0111,2025-08-25,2.0,9.08,18.16,2025-08-27
U0111,2025-09-01,1.0,,,2025-09-06
U0111,2025-09-08,0.0,7.88,0.0,
U0111,2025-09-15,3.0,13.74,41.22,2025-09-19
U0111,2025-09-22,5.0,1.62,8.1,2025-09-26
U0111,2025-09-29,,10.2,,
U0111,2025-10-06,1.0,5.84,5.84,2025-10-12
U0112,2025-07-28,0.0,8.0,0.0,
U0112,2025-08-04,2.0,7.63,15.26,2025-08-08
U0112,2025-08-11,2.0,10.12,20.24,2025-08-13
U0112,2025-08-18,5.0,14.36,71.8,2025-08-18
U0112,2025-08-25,5.0,7.38,,2025-08-27
U0112,2025-09-01,0.0,6.39,0.0,
U0112,2025-09-08,8.0,6.54,52.32,2025-09-10
U0112,2025-09-15,1.0,5.57,5.57,2025-09-18
U0112,2025-09-22,0.0,7.91,0.0,2025-09-23
U0112,2025-09-29,7.0,9.46,66.22,2025-10-02
U0113,2025-08-25,6.0,10.32,61.92,2025-08-26
U0113,2025-09-01,6.0,8.7,52.2,2025-09-03
U0113,2025-09-08,8.0,7.31,58.48,2025-09-14
U0113,2025-09-15,8.0,8.69,69.52,2025-09-18
U0113,2025-09-22,8.0,12.71,101.68,2025-09-25
U0113,2025-09-29,2.0,7.83,15.66,2025-10-01
U0113,2025-10-06,0.0,7.91,0.0,2025-10-09
U0114,2025-07-14,,7.85,,
U0114,2025-07-21,2.0,11.99,23.98,2025-07-26
U0114,2025-07-28,0.0,7.07,0.0,
U0114,2025-08-04,6.0,8.73,52.38,2025-08-05
U0114,2025-08-11,4.0,7.03,28.12,2025-08-15
U0114,2025-08-18,4.0,4.14,16.56,2025-08-23
U0114,2025-08-25,1.0,,,2025-08-30
U0114,2025-09-01,5.0,9.67,48.35,2025-09-03
U0114,2025-09-08,,9.07,,
U0114,2025-09-15,10.0,,,2025-09-21
U0115,2025-08-18,1.0,8.09,8.09,2025-08-19
U0115,2025-08-25,1.0,3.77,3.77,2025-08-29
U0115,2025-09-01,1.0,5.76,5.76,2025-09-02
U0115,2025-09-08,5.0,5.79,28.95,2025-09-11
U0115,2025-09-15,6.0,5.91,35.46,2025-09-18
U0115,2025-09-22,7.0,5.36,37.52,2025-09-28
U0115,2025-09-29,3.0,9.04,27.12,2025-09-29
U0115,2025-10-06,2.0,7.6,15.2,2025-10-11
U0116,2025-09-08,3.0,8.35,25.05,2025-09-10
U0116,2025-09-15,5.0,10.91,54.55,2025-09-19
U0116,2025-09-22,8.0,10.39,83.12,2025-09-28
U0116,2025-09-29,5.0,10.59,52.95,2025-10-02
U0116,2025-10-06,3.0,7.35,22.05,2025-10-06
U0117,2025-08-11,0.0,4.04,0.0,
U0117,2025-08-18,0.0,10.26,0.0,
U0117,2025-08-25,1.0,7.82,7.82,
U0117,2025-09-01,5.0,8.8,44.0,2025-09-07
U0117,2025-09-08,4.0,13.32,53.28,2025-09-09
U0117,2025-09-15,4.0,4.5,18.0,2025-09-16
U0117,2025-09-22,2.0,11.19,22.38,2025-09-24
U0117,2025-09-29,2.0,8.69,17.38,2025-10-04
U0117,2025-10-06,,12.65,,2025-10-10
U0118,2025-07-21,0.0,4.73,0.0,2025-07-21
U0118,2025-07-28,1.0,15.58,15.58,2025-07-29
U0118,2025-08-04,7.0,12.45,87.15,2025-08-05
U0118,2025-08-11,2.0,7.18,14.36,2025-08-13
U0118,2025-08-18,10.0,12.2,122.0,2025-08-19
U0118,2025-08-25,0.0,4.14,0.0,2025-08-27
U0118,2025-09-01,0.0,4.14,0.0,
U0118,2025-09-08,2.0,7.23,14.46,2025-09-13
U0118,2025-09-15,1.0,8.12,8.12,2025-09-16
U0118,2025-09-22,2.0,9.22,18.44,2025-09-26
U0119,2025-07-28,7.0,3.57,24.99,2025-08-01
U0119,2025-08-04,4.0,7.11,28.44,2025-08-07
U0119,2025-08-11,8.0,6.67,53.36,2025-08-13
U0119,2025-08-18,7.0,7.02,49.14,2025-08-19
U0119,2025-08-25,9.0,,,2025-08-27
U0119,2025-09-01,1.0,7.06,7.06,2025-09-04
U0119,2025-09-08,1.0,1.42,1.42,2025-09-08
U0119,2025-09-15,0.0,6.92,0.0,
U0119,2025-09-22,2.0,,,2025-09-22
U0119,2025-09-29,2.0,5.2,10.4,2025-10-02
U0120,2025-08-04,0.0,7.7,0.0,
U0120,2025-08-11,5.0,6.02,30.1,2025-08-13
U0120,2025-08-18,6.0,4.85,29.1,2025-08-20
U0120,2025-08-25,0.0,13.15,0.0,
U0120,2025-09-01,1.0,7.38,7.38,2025-09-04
U0120,2025-09-08,3.0,6.97,20.91,2025-09-09
U0120,2025-09-15,,10.98,,
U0120,2025-09-22,6.0,5.41,32.46,2025-09-23
U0120,2025-09-29,10.0,3.85,,2025-10-04
U0120,2025-10-06,1.0,8.19,8.19,2025-10-06
U0121,2025-08-04,3.0,13.38,40.14,2025-08-05
U0121,2025-08-11,1.0,8.01,8.01,2025-08-12
U0121,2025-08-18,9.0,12.17,109.53,2025-08-19
U0121,2025-08-25,10.0,8.1,81.0,2025-08-27
U0121,2025-09-01,0.0,4.4,0.0,
U0121,2025-09-08,4.0,9.63,38.52,2025-09-08
U0121,2025-09-15,5.0,11.17,55.85,2025-09-15
U0121,2025-09-22,2.0,6.66,13.32,2025-09-24
U0121,2025-09-29,6.0,8.08,48.48,2025-09-29
U0121,2025-10-06,3.0,9.97,29.91,2025-10-11
U0122,2025-08-25,7.0,8.25,57.75,2025-08-26
U0122,2025-09-01,1.0,11.91,11.91,2025-09-06
U0122,2025-09-08,2.0,6.6,13.2,2025-09-09
U0122,2025-09-15,0.0,2.98,0.0,
U0122,2025-09-22,1.0,0.2,0.2,2025-09-27
U0122,2025-09-29,3.0,10.66,31.98,2025-10-01
U0122,2025-10-06,3.0,6.3,18.9,2025-10-10
U0123,2025-08-04,,11.32,,
U0123,2025-08-11,9.0,8.1,72.9,2025-08-15
U0123,2025-08-18,6.0,12.15,,2025-08-18
U0123,2025-08-25,2.0,6.88,13.76,2025-08-27
U0123,2025-09-01,3.0,9.71,29.13,
U0123,2025-09-08,6.0,10.47,62.82,2025-09-12
U0123,2025-09-15,8.0,7.87,62.96,2025-09-19
U0123,2025-09-22,6.0,5.03,30.18,2025-09-23
U0123,2025-09-29,7.0,8.52,59.64,2025-10-02
U0123,2025-10-06,0.0,9.13,0.0,
U0124,2025-08-18,10.0,6.21,62.1,2025-08-23
U0124,2025-08-25,0.0,9.25,0.0,
U0124,2025-09-01,7.0,12.09,84.63,2025-09-02
U0124,2025-09-08,2.0,7.62,15.24,2025-09-13
U0124,2025-09-15,4.0,13.99,55.96,2025-09-15
U0124,2025-09-22,10.0,5.16,51.6,
U0124,2025-09-29,1.0,4.56,4.56,2025-09-30
U0124,2025-10-06,4.0,,,2025-10-09
U0125,2025-07-14,7.0,9.7,67.9,2025-07-20
U0125,2025-07-21,5.0,7.4,37.0,2025-07-21
U0125,2025-07-28,,7.6,,
U0125,2025-08-04,3.0,13.07,39.21,2025-08-09
U0125,2025-08-11,5.0,11.01,55.05,2025-08-17
U0125,2025-08-18,2.0,6.59,13.18,2025-08-18
U0125,2025-08-25,2.0,7.72,15.44,2025-08-31
U0125,2025-09-01,1.0,1.39,1.39,2025-09-01
U0125,2025-09-08,0.0,12.69,0.0,
U0125,2025-09-15,4.0,13.91,55.64,2025-09-18
U0126,2025-09-15,4.0,,,2025-09-18
U0126,2025-09-22,1.0,6.01,6.01,2025-09-22
U0126,2025-09-29,2.0,6.07,12.14,
U0126,2025-10-06,7.0,10.91,76.37,2025-10-12
U0127,2025-07-21,0.0,13.12,0.0,2025-07-27
U0127,2025-07-28,2.0,4.92,9.84,2025-08-01
U0127,2025-08-04,,4.95,,
U0127,2025-08-11,0.0,10.81,0.0,
U0127,2025-08-18,2.0,10.81,21.62,2025-08-22
U0127,2025-08-25,,9.52,,
U0127,2025-09-01,1.0,5.89,5.89,2025-09-04
U0127,2025-09-08,10.0,6.58,65.8,2025-09-08
U0127,2025-09-15,1.0,6.88,6.88,2025-09-20
U0127,2025-09-22,5.0,7.79,38.95,2025-09-26
U0128,2025-08-11,1.0,5.85,5.85,2025-08-12
U0128,2025-08-18,2.0,8.7,17.4,2025-08-24
U0128,2025-08-25,1.0,8.51,8.51,2025-08-28
U0128,2025-09-01,5.0,9.19,45.95,2025-09-02
U0128,2025-09-08,6.0,9.17,55.02,2025-09-08
U0128,2025-09-15,0.0,7.6,0.0,
U0128,2025-09-22,9.0,8.1,72.9,2025-09-25
U0128,2025-09-29,4.0,10.05,40.2,2025-10-03
U0128,2025-10-06,3.0,5.33,15.99,2025-10-06
U0129,2025-08-11,4.0,2.54,10.16,2025-08-17
U0129,2025-08-18,2.0,9.26,18.52,2025-08-21
U0129,2025-08-25,6.0,12.41,74.46,2025-08-25
U0129,2025-09-01,0.0,15.07,0.0,2025-09-03
U0129,2025-09-08,8.0,4.23,33.84,2025-09-08
U0129,2025-09-15,9.0,6.41,57.69,2025-09-18
U0129,2025-09-22,2.0,5.52,11.04,2025-09-24
U0129,2025-09-29,2.0,10.16,20.32,2025-10-03
U0129,2025-10-06,0.0,5.56,0.0,
U0130,2025-08-04,0.0,9.19,0.0,2025-08-08
U0130,2025-08-11,1.0,8.3,8.3,2025-08-13
U0130,2025-08-18,5.0,6.33,31.65,2025-08-18
U0130,2025-08-25,1.0,7.25,7.25,2025-08-28
U0130,2025-09-01,1.0,8.48,8.48,2025-09-04
U0130,2025-09-08,0.0,6.51,0.0,
U0130,2025-09-15,8.0,6.44,51.52,2025-09-19
U0130,2025-09-22,0.0,15.7,0.0,
U0130,2025-09-29,4.0,4.24,16.96,2025-09-30
U0130,2025-10-06,4.0,11.09,44.36,2025-10-10
U0131,2025-09-01,4.0,5.69,,2025-09-06
U0131,2025-09-08,0.0,10.03,0.0,
U0131,2025-09-15,2.0,4.03,8.06,2025-09-18
U0131,2025-09-22,2.0,4.65,9.3,2025-09-22
U0131,2025-09-29,7.0,,,2025-09-29
U0131,2025-10-06,2.0,9.35,18.7,2025-10-09
U0132,2025-08-18,4.0,3.96,15.84,2025-08-19
U0132,2025-08-25,,5.87,,2025-08-26
U0132,2025-09-01,0.0,8.14,0.0,
U0132,2025-09-08,2.0,11.08,22.16,2025-09-11
U0132,2025-09-15,3.0,4.59,13.77,2025-09-15
U0132,2025-09-22,7.0,4.91,34.37,2025-09-26
U0132,2025-09-29,6.0,7.66,,2025-10-05
U0132,2025-10-06,3.0,6.73,20.19,2025-10-08
U0133,2025-08-11,2.0,11.27,22.54,2025-08-14
U0133,2025-08-18,0.0,3.37,0.0,
U0133,2025-08-25,6.0,10.64,63.84,2025-08-28
U0133,2025-09-01,7.0,8.1,56.7,2025-09-07
U0133,2025-09-08,5.0,4.21,21.05,
U0133,2025-09-15,1.0,8.87,8.87,2025-09-16
U0133,2025-09-22,1.0,4.23,4.23,
U0133,2025-09-29,3.0,9.27,27.81,2025-10-04
U0133,2025-10-06,4.0,7.84,31.36,2025-10-07
U0134,2025-09-08,5.0,6.94,34.7,2025-09-11
U0134,2025-09-15,,3.27,,
U0134,2025-09-22,5.0,10.97,54.85,2025-09-22
U0134,2025-09-29,6.0,9.27,55.62,2025-10-05
U0134,2025-10-06,1.0,7.02,7.02,2025-10-08
U0135,2025-08-18,10.0,7.05,70.5,2025-08-21
U0135,2025-08-25,3.0,10.06,30.18,2025-08-29
U0135,2025-09-01,,11.01,,
U0135,2025-09-08,7.0,7.54,52.78,2025-09-14
U0135,2025-09-15,9.0,6.73,60.57,2025-09-15
U0135,2025-09-22,6.0,17.57,105.42,2025-09-24
U0135,2025-09-29,4.0,3.51,14.04,2025-10-03
U0135,2025-10-06,5.0,5.8,29.0,2025-10-09
U0136,2025-07-14,7.0,8.87,,2025-07-20
U0136,2025-07-21,5.0,11.32,56.6,2025-07-24
U0136,2025-07-28,4.0,4.82,19.28,2025-08-01
U0136,2025-08-04,6.0,15.0,90.0,2025-08-05
U0136,2025-08-11,7.0,7.21,50.47,2025-08-11
U0136,2025-08-18,0.0,11.41,0.0,
U0136,2025-08-25,9.0,6.73,60.57,2025-08-29
U0136,2025-09-01,0.0,11.69,0.0,
U0136,2025-09-08,10.0,12.82,128.2,2025-09-10
U0136,2025-09-15,0.0,1.89,0.0,
U0137,2025-08-04,4.0,3.47,13.88,2025-08-04
U0137,2025-08-11,3.0,5.67,17.01,2025-08-13
U0137,2025-08-18,3.0,9.78,29.34,2025-08-19
U0137,2025-08-25,4.0,6.99,27.96,2025-08-29
U0137,2025-09-01,3.0,8.83,26.49,2025-09-03
U0137,2025-09-08,2.0,9.96,19.92,2025-09-10
U0137,2025-09-15,0.0,10.24,0.0,
U0137,2025-09-22,5.0,9.65,48.25,2025-09-25
U0137,2025-09-29,0.0,,,2025-10-03
U0137,2025-10-06,5.0,9.49,47.45,2025-10-12
U0138,2025-07-14,8.0,11.72,93.76,2025-07-20
U0138,2025-07-21,3.0,3.89,11.67,2025-07-27
U0138,2025-07-28,0.0,8.77,0.0,
U0138,2025-08-04,3.0,5.16,15.48,2025-08-08
U0138,2025-08-11,3.0,15.75,47.25,2025-08-16
U0138,2025-08-18,3.0,7.33,21.99,2025-08-18
U0138,2025-08-25,1.0,8.7,8.7,2025-08-25
U0138,2025-09-01,3.0,4.09,12.27,2025-09-07
U0138,2025-09-08,6.0,5.92,35.52,2025-09-08
U0138,2025-09-15,5.0,7.39,36.95,2025-09-19
U0139,2025-07-21,0.0,9.54,0.0,2025-07-27
U0139,2025-07-28,1.0,10.32,,2025-08-03
U0139,2025-08-04,6.0,,,2025-08-09
U0139,2025-08-11,1.0,15.1,15.1,2025-08-16
U0139,2025-08-18,3.0,5.76,17.28,2025-08-24
U0139,2025-08-25,6.0,5.89,35.34,
U0139,2025-09-01,2.0,3.66,7.32,2025-09-06
U0139,2025-09-08,1.0,7.08,7.08,2025-09-13
U0139,2025-09-15,0.0,,,
U0139,2025-09-22,6.0,10.22,61.32,2025-09-25
U0140,2025-08-18,3.0,8.53,25.59,2025-08-22
U0140,2025-08-25,5.0,6.04,30.2,2025-08-28
U0140,2025-09-01,1.0,9.95,9.95,2025-09-07
U0140,2025-09-08,6.0,6.36,38.16,2025-09-13
U0140,2025-09-15,2.0,7.76,15.52,2025-09-16
U0140,2025-09-22,4.0,,,2025-09-23
U0140,2025-09-29,1.0,12.8,12.8,2025-10-03
U0140,2025-10-06,1.0,,,2025-10-09
U0141,2025-08-04,6.0,6.09,36.54,2025-08-07
U0141,2025-08-11,4.0,12.75,51.0,2025-08-12
U0141,2025-08-18,,8.13,,
U0141,2025-08-25,4.0,6.59,26.36,2025-08-28
U0141,2025-09-01,4.0,3.89,15.56,2025-09-07
U0141,2025-09-08,,9.9,,
U0141,2025-09-15,5.0,14.38,71.9,
U0141,2025-09-22,7.0,2.69,18.83,2025-09-27
U0141,2025-09-29,1.0,,,2025-10-05
U0141,2025-10-06,7.0,9.93,69.51,2025-10-11
U0142,2025-08-25,4.0,5.02,20.08,2025-08-28
U0142,2025-09-01,7.0,11.88,83.16,2025-09-01
U0142,2025-09-08,1.0,8.52,8.52,2025-09-10
U0142,2025-09-15,4.0,9.72,38.88,2025-09-18
U0142,2025-09-22,4.0,8.38,33.52,2025-09-23
U0142,2025-09-29,5.0,10.53,52.65,2025-10-01
U0142,2025-10-06,2.0,8.99,17.98,2025-10-09
U0143,2025-08-04,1.0,6.54,6.54,2025-08-09
U0143,2025-08-11,1.0,9.34,9.34,2025-08-16
U0143,2025-08-18,6.0,5.25,31.5,2025-08-20
U0143,2025-08-25,2.0,,,2025-08-26
U0143,2025-09-01,0.0,7.94,0.0,2025-09-04
U0143,2025-09-08,1.0,11.36,11.36,2025-09-10
U0143,2025-09-15,4.0,4.08,16.32,2025-09-18
U0143,2025-09-22,6.0,4.65,27.9,2025-09-24
U0143,2025-09-29,4.0,8.31,33.24,2025-09-29
U0143,2025-10-06,0.0,10.83,0.0,
U0144,2025-07-14,5.0,5.21,26.05,2025-07-15
U0144,2025-07-21,4.0,6.57,26.28,2025-07-24
U0144,2025-07-28,4.0,4.22,16.88,2025-08-03
U0144,2025-08-04,6.0,6.88,41.28,2025-08-07
U0144,2025-08-11,2.0,11.03,22.06,2025-08-11
U0144,2025-08-18,6.0,8.66,,2025-08-23
U0144,2025-08-25,3.0,8.03,24.09,2025-08-25
U0144,2025-09-01,8.0,12.33,98.64,2025-09-05
U0144,2025-09-08,,7.46,,
U0144,2025-09-15,5.0,5.14,25.7,2025-09-19
U0145,2025-08-04,2.0,9.03,18.06,2025-08-09
U0145,2025-08-11,4.0,3.44,13.76,2025-08-12
U0145,2025-08-18,6.0,3.03,18.18,2025-08-20
U0145,2025-08-25,3.0,9.71,29.13,2025-08-28
U0145,2025-09-01,0.0,11.62,0.0,2025-09-03
U0145,2025-09-08,5.0,1.22,6.1,
U0145,2025-09-15,5.0,7.21,36.05,2025-09-16
U0145,2025-09-22,9.0,5.99,53.91,
U0145,2025-09-29,5.0,8.57,42.85,2025-10-03
U0145,2025-10-06,1.0,10.53,10.53,2025-10-12
U0146,2025-09-15,0.0,12.17,0.0,
U0146,2025-09-22,5.0,10.14,50.7,2025-09-23
U0146,2025-09-29,7.0,8.44,59.08,2025-10-01
U0146,2025-10-06,10.0,9.09,90.9,2025-10-06
U0147,2025-09-08,5.0,6.27,31.35,2025-09-10
U0147,2025-09-15,0.0,7.96,0.0,
U0147,2025-09-22,6.0,9.98,59.88,2025-09-28
U0147,2025-09-29,1.0,9.23,9.23,2025-10-03
U0147,2025-10-06,3.0,,,2025-10-07
U0148,2025-08-25,3.0,9.38,28.14,2025-08-26
U0148,2025-09-01,0.0,9.06,0.0,2025-09-07
U0148,2025-09-08,2.0,10.55,21.1,2025-09-08
U0148,2025-09-15,,10.21,,2025-09-18
U0148,2025-09-22,6.0,8.79,52.74,
U0148,2025-09-29,1.0,9.97,9.97,2025-10-02
U0148,2025-10-06,5.0,9.43,47.15,2025-10-09
U0149,2025-08-04,4.0,9.34,37.36,2025-08-10
U0149,2025-08-11,1.0,6.57,6.57,2025-08-16
U0149,2025-08-18,3.0,4.97,14.91,2025-08-18
U0149,2025-08-25,9.0,10.04,90.36,2025-08-31
U0149,2025-09-01,1.0,4.42,4.42,2025-09-05
U0149,2025-09-08,2.0,3.01,6.02,2025-09-12
U0149,2025-09-15,0.0,11.18,0.0,
U0149,2025-09-22,5.0,6.67,33.35,2025-09-27
U0149,2025-09-29,10.0,7.89,78.9,2025-10-05
U0149,2025-10-06,1.0,3.72,3.72,2025-10-12
U0150,2025-07-14,8.0,5.19,41.52,2025-07-14
U0150,2025-07-21,0.0,8.06,0.0,
U0150,2025-07-28,0.0,7.36,0.0,
U0150,2025-08-04,,5.74,,
U0150,2025-08-11,7.0,7.54,52.78,2025-08-16
U0150,2025-08-18,2.0,9.47,18.94,2025-08-22
U0150,2025-08-25,6.0,8.11,48.66,2025-08-26
U0150,2025-09-01,5.0,4.64,23.2,2025-09-05
U0150,2025-09-08,4.0,10.84,43.36,
U0150,2025-09-15,5.0,7.79,38.95,2025-09-16
U0151,2025-08-25,2.0,9.44,18.88,2025-08-25
U0151,2025-09-01,0.0,5.65,0.0,
U0151,2025-09-08,2.0,13.51,27.02,2025-09-11
U0151,2025-09-15,8.0,7.01,56.08,2025-09-21
U0151,2025-09-22,4.0,9.97,39.88,2025-09-28
U0151,2025-09-29,3.0,7.21,21.63,2025-10-05
U0151,2025-10-06,5.0,12.56,62.8,2025-10-07
U0152,2025-09-01,6.0,2.84,17.04,2025-09-05
U0152,2025-09-08,0.0,11.63,0.0,2025-09-14
U0152,2025-09-15,4.0,4.94,19.76,2025-09-17
U0152,2025-09-22,2.0,8.68,17.36,
U0152,2025-09-29,7.0,,,2025-09-30
U0152,2025-10-06,0.0,11.48,0.0,
U0153,2025-09-01,6.0,6.58,,
U0153,2025-09-08,2.0,6.78,13.56,2025-09-09
U0153,2025-09-15,7.0,9.65,67.55,2025-09-19
U0153,2025-09-22,6.0,14.31,85.86,2025-09-26
U0153,2025-09-29,1.0,5.69,5.69,2025-10-02
U0153,2025-10-06,3.0,13.66,40.98,2025-10-08
U0154,2025-07-14,7.0,6.54,45.78,2025-07-16
U0154,2025-07-21,7.0,5.69,39.83,2025-07-24
U0154,2025-07-28,1.0,10.53,10.53,2025-08-02
U0154,2025-08-04,8.0,6.53,52.24,2025-08-10
U0154,2025-08-11,6.0,6.36,38.16,2025-08-11
U0154,2025-08-18,7.0,2.55,17.85,2025-08-19
U0154,2025-08-25,0.0,7.83,0.0,
U0154,2025-09-01,0.0,5.35,0.0,
U0154,2025-09-08,1.0,5.57,5.57,2025-09-12
U0154,2025-09-15,2.0,12.41,24.82,2025-09-15
U0155,2025-07-28,0.0,11.32,0.0,
U0155,2025-08-04,7.0,8.14,56.98,2025-08-07
U0155,2025-08-11,4.0,11.83,47.32,2025-08-17
U0155,2025-08-18,0.0,5.39,0.0,
U0155,2025-08-25,5.0,6.41,32.05,2025-08-27
U0155,2025-09-01,5.0,7.89,39.45,2025-09-05
U0155,2025-09-08,1.0,9.19,9.19,2025-09-13
U0155,2025-09-15,0.0,11.87,0.0,
U0155,2025-09-22,7.0,4.39,30.73,2025-09-22
U0155,2025-09-29,0.0,6.73,0.0,
U0156,2025-09-08,6.0,5.4,32.4,2025-09-10
U0156,2025-09-15,2.0,5.46,,2025-09-19
U0156,2025-09-22,0.0,6.43,0.0,
U0156,2025-09-29,1.0,4.55,4.55,
U0156,2025-10-06,6.0,10.78,64.68,2025-10-10
U0157,2025-08-25,0.0,13.02,0.0,2025-08-28
U0157,2025-09-01,5.0,11.43,57.15,2025-09-07
U0157,2025-09-08,2.0,7.2,14.4,2025-09-14
U0157,2025-09-15,7.0,7.34,51.38,2025-09-18
U0157,2025-09-22,3.0,5.24,15.72,2025-09-27
U0157,2025-09-29,0.0,7.68,0.0,2025-10-01
U0157,2025-10-06,7.0,13.04,91.28,2025-10-11
U0158,2025-07-21,3.0,9.16,27.48,2025-07-27
U0158,2025-07-28,5.0,9.3,46.5,2025-08-03
U0158,2025-08-04,5.0,10.46,52.3,2025-08-08
U0158,2025-08-11,5.0,8.79,43.95,2025-08-11
U0158,2025-08-18,0.0,,,2025-08-23
U0158,2025-08-25,6.0,5.18,31.08,2025-08-25
U0158,2025-09-01,5.0,9.27,46.35,2025-09-02
U0158,2025-09-08,6.0,7.46,,2025-09-12
U0158,2025-09-15,1.0,10.76,10.76,2025-09-18
U0158,2025-09-22,5.0,4.76,23.8,2025-09-24
U0159,2025-08-04,,8.37,,
U0159,2025-08-11,1.0,7.56,7.56,2025-08-17
U0159,2025-08-18,0.0,7.35,0.0,
U0159,2025-08-25,0.0,8.9,0.0,2025-08-30
U0159,2025-09-01,5.0,6.52,32.6,2025-09-02
U0159,2025-09-08,7.0,12.56,87.92,2025-09-08
U0159,2025-09-15,6.0,5.98,35.88,2025-09-16
U0159,2025-09-22,1.0,7.94,7.94,
U0159,2025-09-29,2.0,6.83,13.66,2025-10-03
U0159,2025-10-06,10.0,4.04,40.4,2025-10-06
U0160,2025-07-28,1.0,3.98,3.98,2025-08-02
U0160,2025-08-04,2.0,11.63,23.26,2025-08-08
U0160,2025-08-11,3.0,2.09,6.27,2025-08-15
U0160,2025-08-18,0.0,10.66,0.0,2025-08-19
U0160,2025-08-25,1.0,9.54,9.54,2025-08-31
U0160,2025-09-01,0.0,11.55,0.0,
U0160,2025-09-08,4.0,12.76,51.04,2025-09-12
U0160,2025-09-15,4.0,7.93,31.72,2025-09-17
U0160,2025-09-22,3.0,11.97,35.91,2025-09-26
U0160,2025-09-29,10.0,16.43,164.3,2025-09-30
U0161,2025-08-25,4.0,13.08,52.32,2025-08-31
U0161,2025-09-01,2.0,12.63,,2025-09-05
U0161,2025-09-08,9.0,14.46,130.14,2025-09-10
U0161,2025-09-15,6.0,10.0,60.0,2025-09-15
U0161,2025-09-22,8.0,10.81,86.48,2025-09-28
U0161,2025-09-29,5.0,5.44,27.2,2025-10-01
U0161,2025-10-06,7.0,5.43,38.01,2025-10-11
U0162,2025-07-21,1.0,8.09,8.09,2025-07-21
U0162,2025-07-28,1.0,8.21,8.21,2025-07-30
U0162,2025-08-04,6.0,4.6,27.6,2025-08-04
U0162,2025-08-11,0.0,11.48,0.0,2025-08-11
U0162,2025-08-18,6.0,4.74,28.44,2025-08-19
U0162,2025-08-25,3.0,5.4,16.2,2025-08-29
U0162,2025-09-01,5.0,6.62,33.1,2025-09-03
U0162,2025-09-08,6.0,9.34,56.04,2025-09-12
U0162,2025-09-15,4.0,7.41,29.64,2025-09-19
U0162,2025-09-22,0.0,11.52,0.0,
U0163,2025-08-04,0.0,11.28,0.0,2025-08-06
U0163,2025-08-11,4.0,9.33,37.32,2025-08-17
U0163,2025-08-18,1.0,7.35,7.35,2025-08-19
U0163,2025-08-25,2.0,7.16,14.32,2025-08-30
U0163,2025-09-01,6.0,8.21,49.26,2025-09-05
U0163,2025-09-08,,8.38,,
U0163,2025-09-15,0.0,8.52,0.0,2025-09-18
U0163,2025-09-22,7.0,11.73,82.11,2025-09-28
U0163,2025-09-29,8.0,12.03,96.24,2025-09-29
U0163,2025-10-06,0.0,7.59,0.0,
U0164,2025-08-04,2.0,9.97,19.94,2025-08-06
U0164,2025-08-11,7.0,6.8,47.6,2025-08-12
U0164,2025-08-18,4.0,2.21,8.84,2025-08-24
U0164,2025-08-25,0.0,8.58,0.0,
U0164,2025-09-01,5.0,7.46,37.3,2025-09-03
U0164,2025-09-08,6.0,7.09,42.54,2025-09-13
U0164,2025-09-15,6.0,5.85,35.1,2025-09-20
U0164,2025-09-22,6.0,10.43,62.58,2025-09-28
U0164,2025-09-29,0.0,1.64,0.0,
U0164,2025-10-06,2.0,10.74,21.48,2025-10-08
U0165,2025-09-08,6.0,7.69,46.14,2025-09-11
U0165,2025-09-15,4.0,10.47,41.88,2025-09-15
U0165,2025-09-22,9.0,9.71,87.39,2025-09-28
U0165,2025-09-29,5.0,9.51,47.55,2025-10-04
U0165,2025-10-06,8.0,10.4,83.2,2025-10-10
U0166,2025-09-01,2.0,8.46,16.92,2025-09-01
U0166,2025-09-08,6.0,10.67,64.02,2025-09-11
U0166,2025-09-15,5.0,6.89,34.45,2025-09-20
U0166,2025-09-22,5.0,,,2025-09-22
U0166,2025-09-29,4.0,6.69,26.76,2025-10-03
U0166,2025-10-06,1.0,8.36,8.36,2025-10-12
U0167,2025-08-18,6.0,10.05,60.3,2025-08-22
U0167,2025-08-25,0.0,6.39,0.0,
U0167,2025-09-01,10.0,10.67,106.7,2025-09-05
U0167,2025-09-08,0.0,6.03,0.0,
U0167,2025-09-15,3.0,6.4,19.2,2025-09-21
U0167,2025-09-22,1.0,6.26,6.26,2025-09-24
U0167,2025-09-29,3.0,9.66,28.98,2025-10-01
U0167,2025-10-06,0.0,7.15,0.0,2025-10-12
U0168,2025-09-08,1.0,6.93,6.93,2025-09-14
U0168,2025-09-15,,8.18,,2025-09-19
U0168,2025-09-22,7.0,9.43,66.01,2025-09-25
U0168,2025-09-29,1.0,4.58,4.58,2025-09-30
U0168,2025-10-06,2.0,4.39,8.78,2025-10-08
U0169,2025-07-21,0.0,12.71,0.0,2025-07-22
U0169,2025-07-28,5.0,12.52,62.6,2025-08-01
U0169,2025-08-04,0.0,7.11,0.0,2025-08-10
U0169,2025-08-11,5.0,4.86,24.3,2025-08-14
U0169,2025-08-18,0.0,2.95,0.0,
U0169,2025-08-25,6.0,4.64,27.84,2025-08-28
U0169,2025-09-01,0.0,6.28,0.0,
U0169,2025-09-08,8.0,,,2025-09-14
U0169,2025-09-15,5.0,3.88,19.4,2025-09-16
U0169,2025-09-22,3.0,8.92,26.76,2025-09-22
U0170,2025-09-01,2.0,10.45,20.9,2025-09-06
U0170,2025-09-08,0.0,14.49,0.0,
U0170,2025-09-15,4.0,3.25,13.0,
U0170,2025-09-22,0.0,4.34,0.0,
U0170,2025-09-29,5.0,6.89,34.45,2025-10-02
U0170,2025-10-06,0.0,12.58,0.0,
U0171,2025-07-28,0.0,5.88,0.0,
U0171,2025-08-04,0.0,6.89,0.0,2025-08-05
U0171,2025-08-11,6.0,8.48,50.88,2025-08-16
U0171,2025-08-18,1.0,6.99,6.99,2025-08-18
U0171,2025-08-25,2.0,11.57,23.14,2025-08-25
U0171,2025-09-01,5.0,3.0,15.0,2025-09-01
U0171,2025-09-08,4.0,17.34,69.36,2025-09-09
U0171,2025-09-15,7.0,3.98,27.86,2025-09-16
U0171,2025-09-22,6.0,6.42,38.52,2025-09-24
U0171,2025-09-29,0.0,8.77,0.0,
U0172,2025-09-08,0.0,5.61,0.0,
U0172,2025-09-15,0.0,11.32,0.0,2025-09-16
U0172,2025-09-22,6.0,8.06,48.36,2025-09-24
U0172,2025-09-29,5.0,7.76,38.8,2025-10-03
U0172,2025-10-06,8.0,7.47,59.76,2025-10-08
U0173,2025-07-28,3.0,7.45,22.35,2025-07-30
U0173,2025-08-04,6.0,13.04,78.24,2025-08-08
U0173,2025-08-11,4.0,8.43,33.72,2025-08-14
U0173,2025-08-18,8.0,9.54,76.32,2025-08-18
U0173,2025-08-25,0.0,10.39,0.0,
U0173,2025-09-01,0.0,8.81,0.0,
U0173,2025-09-08,5.0,12.97,64.85,2025-09-09
U0173,2025-09-15,5.0,8.84,44.2,2025-09-16
U0173,2025-09-22,0.0,5.7,0.0,
U0173,2025-09-29,1.0,4.7,4.7,2025-10-02
U0174,2025-09-08,0.0,9.5,0.0,2025-09-12
U0174,2025-09-15,1.0,8.55,8.55,2025-09-19
U0174,2025-09-22,1.0,13.47,,2025-09-26
U0174,2025-09-29,0.0,9.37,0.0,
U0174,2025-10-06,0.0,0.77,0.0,
U0175,2025-09-08,4.0,11.24,,2025-09-14
U0175,2025-09-15,0.0,8.71,0.0,
U0175,2025-09-22,1.0,8.82,8.82,2025-09-27
U0175,2025-09-29,2.0,6.41,12.82,
U0175,2025-10-06,6.0,7.51,45.06,2025-10-10
U0176,2025-08-04,6.0,2.53,15.18,
U0176,2025-08-11,5.0,5.01,25.05,2025-08-12
U0176,2025-08-18,10.0,5.16,51.6,2025-08-19
U0176,2025-08-25,7.0,4.96,34.72,2025-08-27
U0176,2025-09-01,6.0,8.38,50.28,2025-09-03
U0176,2025-09-08,0.0,7.42,0.0,2025-09-12
U0176,2025-09-15,10.0,6.01,60.1,
U0176,2025-09-22,4.0,2.3,9.2,2025-09-26
U0176,2025-09-29,1.0,10.93,10.93,2025-10-05
U0176,2025-10-06,7.0,9.74,68.18,2025-10-07
U0177,2025-08-25,6.0,13.11,78.66,2025-08-29
U0177,2025-09-01,6.0,6.94,41.64,2025-09-03
U0177,2025-09-08,0.0,4.17,0.0,2025-09-10
U0177,2025-09-15,0.0,10.04,0.0,
U0177,2025-09-22,5.0,,,2025-09-23
U0177,2025-09-29,9.0,9.09,81.81,2025-10-05
U0177,2025-10-06,3.0,8.66,25.98,2025-10-11
U0178,2025-07-14,10.0,10.05,100.5,2025-07-17
U0178,2025-07-21,,9.64,,2025-07-25
U0178,2025-07-28,1.0,2.36,2.36,2025-08-02
U0178,2025-08-04,4.0,10.74,42.96,2025-08-10
U0178,2025-08-11,6.0,7.72,46.32,2025-08-16
U0178,2025-08-18,1.0,9.35,9.35,2025-08-19
U0178,2025-08-25,2.0,12.8,25.6,2025-08-27
U0178,2025-09-01,6.0,10.34,62.04,2025-09-04
U0178,2025-09-08,8.0,8.35,66.8,2025-09-11
U0178,2025-09-15,1.0,3.91,3.91,2025-09-16
U0179,2025-09-08,8.0,3.33,26.64,2025-09-11
U0179,2025-09-15,0.0,6.3,0.0,
U0179,2025-09-22,4.0,7.9,31.6,2025-09-23
U0179,2025-09-29,0.0,6.6,0.0,2025-09-29
U0179,2025-10-06,7.0,,,2025-10-09
U0180,2025-09-08,6.0,3.02,18.12,2025-09-12
U0180,2025-09-15,2.0,6.15,12.3,2025-09-19
U0180,2025-09-22,8.0,6.86,54.88,
U0180,2025-09-29,4.0,10.66,42.64,2025-10-03
U0180,2025-10-06,2.0,10.15,20.3,2025-10-11
U0181,2025-09-01,2.0,,,2025-09-01
U0181,2025-09-08,1.0,0.25,0.25,2025-09-13
U0181,2025-09-15,4.0,3.78,15.12,2025-09-21
U0181,2025-09-22,5.0,4.62,23.1,2025-09-28
U0181,2025-09-29,1.0,5.82,5.82,2025-10-04
U0181,2025-10-06,1.0,10.38,10.38,2025-10-06
U0182,2025-07-14,5.0,5.47,27.35,2025-07-19
U0182,2025-07-21,3.0,2.83,8.49,
U0182,2025-07-28,8.0,11.68,93.44,2025-08-02
U0182,2025-08-04,6.0,6.95,41.7,2025-08-04
U0182,2025-08-11,1.0,9.27,9.27,2025-08-16
U0182,2025-08-18,,10.68,,
U0182,2025-08-25,1.0,14.17,14.17,2025-08-25
U0182,2025-09-01,2.0,13.94,27.88,2025-09-01
U0182,2025-09-08,6.0,9.86,59.16,2025-09-10
U0182,2025-09-15,8.0,12.53,100.24,2025-09-21
U0183,2025-07-14,6.0,7.58,45.48,2025-07-17
U0183,2025-07-21,1.0,8.09,8.09,2025-07-24
U0183,2025-07-28,0.0,8.04,0.0,2025-08-02
U0183,2025-08-04,7.0,8.98,62.86,2025-08-06
U0183,2025-08-11,3.0,9.07,27.21,2025-08-16
U0183,2025-08-18,5.0,2.69,13.45,2025-08-23
U0183,2025-08-25,1.0,7.9,7.9,2025-08-27
U0183,2025-09-01,4.0,7.27,29.08,2025-09-01
U0183,2025-09-08,2.0,5.89,11.78,2025-09-14
U0183,2025-09-15,7.0,7.96,55.72,2025-09-20
U0184,2025-08-18,4.0,4.2,16.8,2025-08-24
U0184,2025-08-25,1.0,6.19,6.19,2025-08-26
U0184,2025-09-01,6.0,11.85,71.1,2025-09-02
U0184,2025-09-08,6.0,7.36,44.16,2025-09-12
U0184,2025-09-15,10.0,5.45,54.5,2025-09-16
U0184,2025-09-22,4.0,11.65,46.6,
U0184,2025-09-29,3.0,11.5,34.5,2025-10-05
U0184,2025-10-06,2.0,9.7,19.4,
U0185,2025-08-11,5.0,5.91,29.55,2025-08-17
U0185,2025-08-18,5.0,2.86,14.3,2025-08-20
U0185,2025-08-25,6.0,8.85,53.1,2025-08-25
U0185,2025-09-01,5.0,9.6,48.0,2025-09-04
U0185,2025-09-08,0.0,2.83,0.0,
U0185,2025-09-15,,13.25,,
U0185,2025-09-22,0.0,7.3,0.0,
U0185,2025-09-29,6.0,8.41,50.46,2025-10-04
U0185,2025-10-06,6.0,10.28,61.68,2025-10-06
U0186,2025-08-04,0.0,6.94,0.0,2025-08-09
U0186,2025-08-11,3.0,6.26,18.78,2025-08-17
U0186,2025-08-18,6.0,6.79,40.74,2025-08-24
U0186,2025-08-25,3.0,7.55,22.65,2025-08-30
U0186,2025-09-01,4.0,8.86,35.44,2025-09-07
U0186,2025-09-08,5.0,,,2025-09-08
U0186,2025-09-15,7.0,5.86,41.02,2025-09-16
U0186,2025-09-22,8.0,6.58,52.64,
U0186,2025-09-29,5.0,8.55,42.75,2025-10-02
U0186,2025-10-06,1.0,16.74,16.74,2025-10-08
U0187,2025-09-08,1.0,10.55,10.55,2025-09-13
U0187,2025-09-15,4.0,11.62,46.48,2025-09-16
U0187,2025-09-22,0.0,8.6,0.0,
U0187,2025-09-29,0.0,7.64,0.0,
U0187,2025-10-06,10.0,10.93,109.3,2025-10-12
U0188,2025-09-08,1.0,9.59,9.59,2025-09-09
U0188,2025-09-15,3.0,6.72,20.16,2025-09-19
U0188,2025-09-22,6.0,9.85,59.1,2025-09-22
U0188,2025-09-29,9.0,6.89,62.01,2025-10-05
U0188,2025-10-06,1.0,7.0,7.0,2025-10-08
U0189,2025-08-25,3.0,13.3,39.9,2025-08-27
U0189,2025-09-01,7.0,8.24,57.68,
U0189,2025-09-08,0.0,9.68,0.0,2025-09-11
U0189,2025-09-15,3.0,7.57,22.71,2025-09-20
U0189,2025-09-22,0.0,9.96,0.0,2025-09-22
U0189,2025-09-29,3.0,7.41,22.23,2025-10-01
U0189,2025-10-06,7.0,6.31,44.17,2025-10-06
U0190,2025-08-04,6.0,5.84,35.04,2025-08-08
U0190,2025-08-11,0.0,11.39,0.0,
U0190,2025-08-18,4.0,11.69,46.76,2025-08-21
U0190,2025-08-25,2.0,5.18,10.36,2025-08-26
U0190,2025-09-01,3.0,6.93,20.79,2025-09-04
U0190,2025-09-08,7.0,10.17,71.19,2025-09-09
U0190,2025-09-15,6.0,7.48,44.88,2025-09-20
U0190,2025-09-22,4.0,3.43,13.72,2025-09-25
U0190,2025-09-29,5.0,13.1,65.5,2025-10-01
U0190,2025-10-06,4.0,5.27,21.08,2025-10-10
U0191,2025-07-28,4.0,5.25,21.0,2025-07-31
U0191,2025-08-04,4.0,3.21,12.84,2025-08-10
U0191,2025-08-11,9.0,7.43,66.87,2025-08-14
U0191,2025-08-18,5.0,6.41,32.05,2025-08-21
U0191,2025-08-25,2.0,3.82,7.64,2025-08-25
U0191,2025-09-01,5.0,7.11,35.55,
U0191,2025-09-08,5.0,6.16,30.8,2025-09-14
U0191,2025-09-15,0.0,7.78,0.0,
U0191,2025-09-22,0.0,7.85,0.0,2025-09-28
U0191,2025-09-29,4.0,9.56,38.24,2025-10-01
U0192,2025-07-14,5.0,,,2025-07-14
U0192,2025-07-21,6.0,8.45,50.7,2025-07-26
U0192,2025-07-28,5.0,12.34,61.7,2025-08-01
U0192,2025-08-04,2.0,13.38,26.76,
U0192,2025-08-11,6.0,13.08,78.48,2025-08-16
U0192,2025-08-18,2.0,5.69,11.38,2025-08-21
U0192,2025-08-25,1.0,5.8,5.8,2025-08-30
U0192,2025-09-01,4.0,3.03,12.12,2025-09-07
U0192,2025-09-08,7.0,11.67,81.69,2025-09-09
U0192,2025-09-15,0.0,10.29,0.0,
U0193,2025-08-25,3.0,4.31,12.93,2025-08-25
U0193,2025-09-01,,8.03,,2025-09-02
U0193,2025-09-08,4.0,6.72,26.88,2025-09-10
U0193,2025-09-15,3.0,6.57,19.71,2025-09-19
U0193,2025-09-22,8.0,,,2025-09-22
U0193,2025-09-29,9.0,10.54,94.86,2025-10-05
U0193,2025-10-06,8.0,7.59,60.72,2025-10-07
U0194,2025-07-14,0.0,9.6,0.0,
U0194,2025-07-21,9.0,8.74,78.66,2025-07-23
U0194,2025-07-28,0.0,8.88,0.0,
U0194,2025-08-04,1.0,8.95,8.95,2025-08-06
U0194,2025-08-11,0.0,8.74,0.0,2025-08-15
U0194,2025-08-18,,10.07,,2025-08-18
U0194,2025-08-25,4.0,7.99,31.96,2025-08-27
U0194,2025-09-01,3.0,8.52,25.56,2025-09-01
U0194,2025-09-08,4.0,9.63,38.52,2025-09-09
U0194,2025-09-15,5.0,7.0,35.0,2025-09-20
U0195,2025-09-01,8.0,6.38,51.04,2025-09-06
U0195,2025-09-08,0.0,10.98,0.0,
U0195,2025-09-15,2.0,5.77,11.54,2025-09-15
U0195,2025-09-22,3.0,1.24,3.72,2025-09-27
U0195,2025-09-29,0.0,7.9,0.0,
U0195,2025-10-06,0.0,11.07,0.0,
U0196,2025-08-04,0.0,7.82,0.0,
U0196,2025-08-11,10.0,12.24,122.4,2025-08-13
U0196,2025-08-18,2.0,2.96,5.92,2025-08-21
U0196,2025-08-25,3.0,11.24,33.72,2025-08-29
U0196,2025-09-01,6.0,3.37,20.22,2025-09-06
U0196,2025-09-08,2.0,11.7,23.4,2025-09-11
U0196,2025-09-15,0.0,8.86,0.0,
U0196,2025-09-22,5.0,8.77,43.85,2025-09-23
U0196,2025-09-29,3.0,11.62,34.86,
U0196,2025-10-06,2.0,7.97,15.94,2025-10-11
U0197,2025-08-18,6.0,11.04,66.24,2025-08-23
U0197,2025-08-25,1.0,10.73,10.73,2025-08-31
U0197,2025-09-01,4.0,4.71,18.84,2025-09-02
U0197,2025-09-08,6.0,3.33,19.98,2025-09-13
U0197,2025-09-15,3.0,10.18,30.54,2025-09-20
U0197,2025-09-22,1.0,9.69,9.69,2025-09-24
U0197,2025-09-29,2.0,5.98,11.96,2025-09-29
U0197,2025-10-06,0.0,12.33,0.0,
U0198,2025-08-25,1.0,8.2,8.2,2025-08-26
U0198,2025-09-01,6.0,6.82,40.92,2025-09-05
U0198,2025-09-08,3.0,9.91,29.73,2025-09-09
U0198,2025-09-15,5.0,0.2,1.0,2025-09-18
U0198,2025-09-22,9.0,,,2025-09-22
U0198,2025-09-29,2.0,8.35,16.7,2025-09-30
U0198,2025-10-06,5.0,12.93,64.65,2025-10-09
U0199,2025-09-08,,9.22,,
U0199,2025-09-15,6.0,6.03,36.18,2025-09-21
U0199,2025-09-22,1.0,7.28,7.28,2025-09-25
U0199,2025-09-29,1.0,7.64,7.64,2025-10-04
U0199,2025-10-06,9.0,4.08,36.72,2025-10-10
U0200,2025-08-18,4.0,8.61,34.44,2025-08-21
U0200,2025-08-25,7.0,2.21,15.47,2025-08-25
U0200,2025-09-01,2.0,2.68,,2025-09-01
U0200,2025-09-08,1.0,12.12,12.12,2025-09-12
U0200,2025-09-15,6.0,6.42,38.52,2025-09-15
U0200,2025-09-22,6.0,8.79,52.74,2025-09-23
U0200,2025-09-29,1.0,4.1,4.1,2025-10-05
U0200,2025-10-06,1.0,8.14,8.14,2025-10-07
U0201,2025-08-25,5.0,0.89,4.45,2025-08-31
U0201,2025-09-01,5.0,15.65,78.25,2025-09-05
U0201,2025-09-08,6.0,4.63,27.78,2025-09-11
U0201,2025-09-15,6.0,6.49,38.94,2025-09-21
U0201,2025-09-22,1.0,5.02,5.02,2025-09-28
U0201,2025-09-29,4.0,7.36,29.44,2025-10-03
U0201,2025-10-06,3.0,7.18,21.54,2025-10-07
U0202,2025-08-04,2.0,9.16,18.32,2025-08-08
U0202,2025-08-11,6.0,9.1,54.6,2025-08-14
U0202,2025-08-18,7.0,,,2025-08-19
U0202,2025-08-25,1.0,7.86,7.86,2025-08-25
U0202,2025-09-01,8.0,11.53,92.24,2025-09-07
U0202,2025-09-08,1.0,5.69,5.69,2025-09-09
U0202,2025-09-15,2.0,8.89,17.78,2025-09-15
U0202,2025-09-22,3.0,15.23,45.69,2025-09-24
U0202,2025-09-29,2.0,9.25,18.5,2025-09-30
U0202,2025-10-06,6.0,7.3,43.8,2025-10-09
U0203,2025-07-28,6.0,8.14,48.84,2025-08-01
U0203,2025-08-04,0.0,0.2,0.0,
U0203,2025-08-11,0.0,7.05,,
U0203,2025-08-18,7.0,9.42,65.94,2025-08-20
U0203,2025-08-25,8.0,8.35,66.8,2025-08-26
U0203,2025-09-01,5.0,7.59,37.95,2025-09-06
U0203,2025-09-08,1.0,6.58,6.58,2025-09-14
U0203,2025-09-15,5.0,14.07,70.35,2025-09-19
U0203,2025-09-22,1.0,6.69,6.69,2025-09-27
U0203,2025-09-29,4.0,11.33,45.32,2025-10-01
U0204,2025-08-25,3.0,8.15,24.45,2025-08-29
U0204,2025-09-01,6.0,5.45,32.7,
U0204,2025-09-08,2.0,5.34,10.68,2025-09-11
U0204,2025-09-15,6.0,2.84,17.04,2025-09-18
U0204,2025-09-22,2.0,5.24,10.48,2025-09-25
U0204,2025-09-29,0.0,7.84,0.0,
U0204,2025-10-06,7.0,7.05,49.35,2025-10-10
U0205,2025-08-25,6.0,,,2025-08-26
U0205,2025-09-01,,7.23,,
U0205,2025-09-08,4.0,4.04,16.16,2025-09-13
U0205,2025-09-15,5.0,7.71,38.55,
U0205,2025-09-22,6.0,9.4,56.4,2025-09-27
U0205,2025-09-29,4.0,5.46,21.84,
U0205,2025-10-06,6.0,11.67,70.02,2025-10-12
U0206,2025-09-08,5.0,11.87,59.35,2025-09-08
U0206,2025-09-15,4.0,,,2025-09-21
U0206,2025-09-22,0.0,10.61,0.0,
U0206,2025-09-29,0.0,11.76,0.0,
U0206,2025-10-06,4.0,4.89,19.56,2025-10-07
U0207,2025-07-21,8.0,10.25,82.0,2025-07-22
U0207,2025-07-28,4.0,2.9,11.6,2025-08-03
U0207,2025-08-04,0.0,5.37,,
U0207,2025-08-11,9.0,3.82,34.38,2025-08-16
U0207,2025-08-18,4.0,6.17,24.68,2025-08-21
U0207,2025-08-25,2.0,7.77,15.54,2025-08-30
U0207,2025-09-01,2.0,,,2025-09-06
U0207,2025-09-08,5.0,5.46,27.3,2025-09-11
U0207,2025-09-15,1.0,2.54,2.54,2025-09-19
U0207,2025-09-22,2.0,13.42,26.84,2025-09-25
U0208,2025-08-25,4.0,4.9,19.6,2025-08-25
U0208,2025-09-01,4.0,7.22,28.88,2025-09-03
U0208,2025-09-08,,6.23,,
U0208,2025-09-15,4.0,5.59,,2025-09-15
U0208,2025-09-22,0.0,,,
U0208,2025-09-29,4.0,12.4,49.6,2025-10-03
U0208,2025-10-06,7.0,13.31,93.17,2025-10-10
U0209,2025-07-14,8.0,7.34,58.72,2025-07-15
U0209,2025-07-21,0.0,7.41,0.0,2025-07-25
U0209,2025-07-28,2.0,3.39,6.78,2025-08-02
U0209,2025-08-04,2.0,3.79,7.58,2025-08-07
U0209,2025-08-11,8.0,9.66,77.28,2025-08-11
U0209,2025-08-18,9.0,9.51,85.59,2025-08-19
U0209,2025-08-25,5.0,11.77,58.85,2025-08-31
U0209,2025-09-01,8.0,5.6,44.8,2025-09-05
U0209,2025-09-08,5.0,2.86,14.3,2025-09-10
U0209,2025-09-15,3.0,7.29,21.87,2025-09-16
U0210,2025-07-21,1.0,4.91,4.91,
U0210,2025-07-28,6.0,8.65,51.9,2025-08-03
U0210,2025-08-04,0.0,8.78,0.0,2025-08-06
U0210,2025-08-11,1.0,7.27,7.27,2025-08-11
U0210,2025-08-18,7.0,5.71,39.97,2025-08-22
U0210,2025-08-25,2.0,7.87,15.74,2025-08-25
U0210,2025-09-01,6.0,7.73,46.38,2025-09-01
U0210,2025-09-08,1.0,9.29,9.29,2025-09-11
U0210,2025-09-15,,10.33,,
U0210,2025-09-22,1.0,10.72,10.72,2025-09-27
U0211,2025-09-01,3.0,4.09,12.27,2025-09-06
U0211,2025-09-08,9.0,11.44,102.96,2025-09-12
U0211,2025-09-15,6.0,11.32,67.92,2025-09-19
U0211,2025-09-22,4.0,11.08,44.32,2025-09-24
U0211,2025-09-29,1.0,12.23,12.23,2025-09-30
U0211,2025-10-06,1.0,8.9,8.9,2025-10-07
U0212,2025-09-01,4.0,10.18,40.72,2025-09-05
U0212,2025-09-08,4.0,9.99,39.96,2025-09-11
U0212,2025-09-15,4.0,7.21,28.84,2025-09-18
U0212,2025-09-22,3.0,12.51,37.53,2025-09-22
U0212,2025-09-29,1.0,10.36,10.36,2025-09-29
U0212,2025-10-06,0.0,10.18,0.0,
U0213,2025-08-25,5.0,13.15,65.75,2025-08-31
U0213,2025-09-01,8.0,5.08,40.64,2025-09-07
U0213,2025-09-08,4.0,8.94,35.76,2025-09-09
U0213,2025-09-15,2.0,10.96,21.92,2025-09-21
U0213,2025-09-22,2.0,9.21,18.42,2025-09-22
U0213,2025-09-29,3.0,10.87,32.61,2025-10-05
U0213,2025-10-06,8.0,1.28,10.24,2025-10-11
U0214,2025-09-15,0.0,7.8,0.0,
U0214,2025-09-22,3.0,5.19,15.57,2025-09-24
U0214,2025-09-29,,6.72,,
U0214,2025-10-06,8.0,6.85,54.8,2025-10-09
U0215,2025-07-21,4.0,14.19,56.76,2025-07-25
U0215,2025-07-28,1.0,6.73,6.73,2025-07-30
U0215,2025-08-04,5.0,4.91,24.55,
U0215,2025-08-11,8.0,2.55,20.4,
U0215,2025-08-18,3.0,12.45,37.35,
U0215,2025-08-25,2.0,8.46,16.92,2025-08-30
U0215,2025-09-01,6.0,9.57,57.42,2025-09-05
U0215,2025-09-08,1.0,10.92,10.92,2025-09-11
U0215,2025-09-15,5.0,6.78,33.9,2025-09-19
U0215,2025-09-22,9.0,8.01,72.09,2025-09-22
U0216,2025-07-28,7.0,11.13,77.91,2025-08-01
U0216,2025-08-04,5.0,3.82,19.1,2025-08-07
U0216,2025-08-11,4.0,8.54,34.16,2025-08-13
U0216,2025-08-18,0.0,13.14,0.0,
U0216,2025-08-25,5.0,6.66,33.3,2025-08-26
U0216,2025-09-01,6.0,4.36,26.16,2025-09-06
U0216,2025-09-08,5.0,7.47,37.35,2025-09-08
U0216,2025-09-15,2.0,10.23,20.46,2025-09-18
U0216,2025-09-22,1.0,12.64,12.64,2025-09-25
U0216,2025-09-29,,4.26,,
U0217,2025-07-14,1.0,4.85,4.85,2025-07-20
U0217,2025-07-21,5.0,7.0,35.0,2025-07-24
U0217,2025-07-28,4.0,9.35,37.4,2025-08-02
U0217,2025-08-04,2.0,11.91,23.82,2025-08-09
U0217,2025-08-11,0.0,9.61,0.0,
U0217,2025-08-18,9.0,1.54,13.86,2025-08-18
U0217,2025-08-25,,10.58,,
U0217,2025-09-01,5.0,6.19,30.95,2025-09-04
U0217,2025-09-08,4.0,5.67,22.68,2025-09-14
U0217,2025-09-15,2.0,7.75,15.5,2025-09-16
U0218,2025-09-08,4.0,9.35,37.4,2025-09-13
U0218,2025-09-15,0.0,8.92,0.0,
U0218,2025-09-22,5.0,11.63,58.15,2025-09-22
U0218,2025-09-29,2.0,3.02,,2025-10-01
U0218,2025-10-06,4.0,7.37,29.48,
U0219,2025-07-21,4.0,6.14,24.56,2025-07-24
U0219,2025-07-28,0.0,5.14,0.0,
U0219,2025-08-04,4.0,7.13,28.52,2025-08-05
U0219,2025-08-11,4.0,10.0,40.0,2025-08-17
U0219,2025-08-18,5.0,9.27,46.35,2025-08-20
U0219,2025-08-25,3.0,10.34,31.02,2025-08-27
U0219,2025-09-01,2.0,6.27,12.54,2025-09-03
U0219,2025-09-08,5.0,11.23,56.15,2025-09-13
U0219,2025-09-15,4.0,8.8,35.2,2025-09-17
U0219,2025-09-22,4.0,10.92,43.68,2025-09-23
U0220,2025-08-04,5.0,6.57,32.85,2025-08-08
U0220,2025-08-11,10.0,7.6,76.0,2025-08-15
U0220,2025-08-18,3.0,,,2025-08-18
U0220,2025-08-25,0.0,8.61,0.0,
U0220,2025-09-01,5.0,1.81,9.05,2025-09-02
U0220,2025-09-08,,13.12,,2025-09-12
U0220,2025-09-15,0.0,7.5,0.0,
U0220,2025-09-22,6.0,8.14,48.84,2025-09-22
U0220,2025-09-29,1.0,6.95,6.95,2025-10-01
U0220,2025-10-06,2.0,6.95,13.9,2025-10-12
U0221,2025-07-14,,,,
U0221,2025-07-21,3.0,10.15,30.45,2025-07-26
U0221,2025-07-28,3.0,8.34,25.02,2025-07-29
U0221,2025-08-04,5.0,6.32,31.6,2025-08-05
U0221,2025-08-11,2.0,8.43,16.86,2025-08-11
U0221,2025-08-18,0.0,8.27,0.0,2025-08-19
U0221,2025-08-25,5.0,13.16,65.8,2025-08-29
U0221,2025-09-01,3.0,14.07,42.21,2025-09-04
U0221,2025-09-08,0.0,9.21,0.0,2025-09-08
U0221,2025-09-15,4.0,2.25,9.0,2025-09-15
U0222,2025-09-08,6.0,4.51,27.06,2025-09-13
U0222,2025-09-15,3.0,3.11,9.33,2025-09-16
U0222,2025-09-22,0.0,6.09,0.0,
U0222,2025-09-29,7.0,6.76,47.32,2025-09-29
U0222,2025-10-06,1.0,4.28,4.28,2025-10-08
U0223,2025-08-04,6.0,3.8,22.8,2025-08-06
U0223,2025-08-11,8.0,11.91,95.28,2025-08-13
U0223,2025-08-18,7.0,10.19,71.33,2025-08-24
U0223,2025-08-25,7.0,11.16,78.12,2025-08-31
U0223,2025-09-01,3.0,15.1,45.3,2025-09-04
U0223,2025-09-08,11.0,0.6,6.6,2025-09-09
U0223,2025-09-15,1.0,5.47,5.47,2025-09-21
U0223,2025-09-22,2.0,7.29,14.58,2025-09-26
U0223,2025-09-29,4.0,9.04,36.16,2025-09-29
U0223,2025-10-06,4.0,,,2025-10-08
U0224,2025-08-04,0.0,2.96,0.0,
U0224,2025-08-11,2.0,5.06,10.12,2025-08-15
U0224,2025-08-18,1.0,,,2025-08-19
U0224,2025-08-25,4.0,10.05,40.2,2025-08-25
U0224,2025-09-01,1.0,4.91,4.91,2025-09-04
U0224,2025-09-08,10.0,10.11,101.1,2025-09-10
U0224,2025-09-15,5.0,11.72,58.6,2025-09-17
U0224,2025-09-22,5.0,3.4,17.0,2025-09-26
U0224,2025-09-29,6.0,10.86,65.16,2025-09-30
U0224,2025-10-06,4.0,6.3,25.2,2025-10-08
U0225,2025-07-21,0.0,4.85,0.0,2025-07-22
U0225,2025-07-28,1.0,10.87,10.87,2025-07-30
U0225,2025-08-04,7.0,8.21,57.47,2025-08-10
U0225,2025-08-11,3.0,14.04,42.12,2025-08-13
U0225,2025-08-18,3.0,6.76,20.28,2025-08-20
U0225,2025-08-25,8.0,7.7,61.6,2025-08-26
U0225,2025-09-01,4.0,,,2025-09-05
U0225,2025-09-08,4.0,4.91,19.64,2025-09-09
U0225,2025-09-15,5.0,9.59,47.95,2025-09-20
U0225,2025-09-22,2.0,4.4,8.8,2025-09-22
U0226,2025-09-08,5.0,8.07,40.35,2025-09-14
U0226,2025-09-15,4.0,10.83,43.32,2025-09-20
U0226,2025-09-22,2.0,14.14,28.28,2025-09-28
U0226,2025-09-29,6.0,11.51,69.06,2025-10-01
U0226,2025-10-06,7.0,5.49,38.43,
U0227,2025-07-28,7.0,5.72,40.04,2025-07-31
U0227,2025-08-04,5.0,14.69,73.45,2025-08-06
U0227,2025-08-11,5.0,10.87,54.35,2025-08-13
U0227,2025-08-18,5.0,8.55,42.75,2025-08-23
U0227,2025-08-25,3.0,9.6,28.8,2025-08-27
U0227,2025-09-01,0.0,8.24,0.0,
U0227,2025-09-08,1.0,13.45,13.45,
U0227,2025-09-15,5.0,8.13,40.65,2025-09-15
U0227,2025-09-22,,5.94,,
U0227,2025-09-29,3.0,11.26,33.78,2025-10-01
U0228,2025-08-11,0.0,1.35,0.0,2025-08-13
U0228,2025-08-18,5.0,9.68,48.4,2025-08-24
U0228,2025-08-25,2.0,9.13,18.26,2025-08-27
U0228,2025-09-01,1.0,2.94,2.94,2025-09-05
U0228,2025-09-08,1.0,6.2,6.2,2025-09-13
U0228,2025-09-15,0.0,6.35,0.0,2025-09-20
U0228,2025-09-22,6.0,9.04,54.24,2025-09-27
U0228,2025-09-29,6.0,9.3,55.8,2025-10-05
U0228,2025-10-06,3.0,6.08,18.24,2025-10-08
U0229,2025-08-04,4.0,6.33,25.32,2025-08-05
U0229,2025-08-11,8.0,6.21,49.68,2025-08-17
U0229,2025-08-18,6.0,4.26,25.56,2025-08-19
U0229,2025-08-25,5.0,9.3,46.5,2025-08-30
U0229,2025-09-01,2.0,7.74,15.48,2025-09-02
U0229,2025-09-08,7.0,9.76,68.32,2025-09-12
U0229,2025-09-15,4.0,3.25,13.0,2025-09-17
U0229,2025-09-22,1.0,8.24,8.24,2025-09-27
U0229,2025-09-29,0.0,4.89,0.0,2025-10-01
U0229,2025-10-06,5.0,5.85,29.25,2025-10-06
U0230,2025-07-28,3.0,10.38,31.14,2025-07-29
U0230,2025-08-04,2.0,6.42,12.84,2025-08-04
U0230,2025-08-11,1.0,10.91,10.91,2025-08-11
U0230,2025-08-18,4.0,8.92,35.68,2025-08-24
U0230,2025-08-25,0.0,,,
U0230,2025-09-01,4.0,13.66,54.64,2025-09-07
U0230,2025-09-08,1.0,5.7,5.7,2025-09-10
U0230,2025-09-15,2.0,7.48,14.96,2025-09-16
U0230,2025-09-22,7.0,5.57,38.99,2025-09-26
U0230,2025-09-29,1.0,10.1,10.1,2025-10-05
U0231,2025-07-14,2.0,,,2025-07-19
U0231,2025-07-21,1.0,10.13,10.13,2025-07-27
U0231,2025-07-28,3.0,7.09,21.27,2025-07-29
U0231,2025-08-04,7.0,8.1,56.7,2025-08-10
U0231,2025-08-11,1.0,10.98,10.98,2025-08-15
U0231,2025-08-18,6.0,6.75,40.5,2025-08-22
U0231,2025-08-25,4.0,7.01,28.04,2025-08-27
U0231,2025-09-01,7.0,7.35,51.45,2025-09-03
U0231,2025-09-08,3.0,4.75,14.25,2025-09-14
U0231,2025-09-15,9.0,3.42,30.78,2025-09-20
U0232,2025-09-01,4.0,3.72,14.88,2025-09-05
U0232,2025-09-08,0.0,9.23,0.0,
U0232,2025-09-15,2.0,5.13,10.26,2025-09-15
U0232,2025-09-22,7.0,6.68,46.76,2025-09-28
U0232,2025-09-29,1.0,8.32,8.32,2025-10-02
U0232,2025-10-06,0.0,6.49,0.0,
U0233,2025-07-14,5.0,12.36,61.8,2025-07-17
U0233,2025-07-21,2.0,7.68,15.36,2025-07-21
U0233,2025-07-28,7.0,9.15,64.05,2025-07-28
U0233,2025-08-04,5.0,9.15,45.75,2025-08-09
U0233,2025-08-11,5.0,9.99,49.95,2025-08-16
U0233,2025-08-18,4.0,7.48,29.92,2025-08-20
U0233,2025-08-25,5.0,10.53,52.65,2025-08-31
U0233,2025-09-01,0.0,5.07,0.0,
U0233,2025-09-08,2.0,10.38,20.76,2025-09-12
U0233,2025-09-15,2.0,4.28,8.56,2025-09-20
U0234,2025-08-25,0.0,3.73,0.0,2025-08-30
U0234,2025-09-01,0.0,11.63,0.0,
U0234,2025-09-08,1.0,5.08,5.08,2025-09-09
U0234,2025-09-15,6.0,7.7,46.2,2025-09-16
U0234,2025-09-22,3.0,6.08,18.24,2025-09-25
U0234,2025-09-29,8.0,5.25,42.0,2025-10-03
U0234,2025-10-06,2.0,,,2025-10-06
U0235,2025-07-14,9.0,7.51,67.59,2025-07-19
U0235,2025-07-21,6.0,6.54,39.24,2025-07-23
U0235,2025-07-28,2.0,6.76,13.52,2025-07-31
U0235,2025-08-04,1.0,5.68,5.68,2025-08-10
U0235,2025-08-11,0.0,4.51,0.0,
U0235,2025-08-18,3.0,7.79,23.37,2025-08-19
U0235,2025-08-25,0.0,8.61,0.0,2025-08-25
U0235,2025-09-01,4.0,11.53,46.12,2025-09-04
U0235,2025-09-08,6.0,8.8,52.8,2025-09-13
U0235,2025-09-15,,7.93,,
U0236,2025-07-21,1.0,10.0,10.0,2025-07-21
U0236,2025-07-28,5.0,9.45,47.25,2025-07-30
U0236,2025-08-04,1.0,8.9,8.9,2025-08-09
U0236,2025-08-11,0.0,2.9,0.0,
U0236,2025-08-18,8.0,12.75,102.0,2025-08-22
U0236,2025-08-25,0.0,9.13,0.0,
U0236,2025-09-01,0.0,5.49,0.0,
U0236,2025-09-08,1.0,8.24,8.24,2025-09-08
U0236,2025-09-15,0.0,6.75,0.0,
U0236,2025-09-22,,7.72,,
U0237,2025-07-21,4.0,9.4,37.6,2025-07-21
U0237,2025-07-28,5.0,6.47,32.35,2025-08-02
U0237,2025-08-04,2.0,10.12,20.24,2025-08-07
U0237,2025-08-11,0.0,,,
U0237,2025-08-18,5.0,6.32,31.6,2025-08-23
U0237,2025-08-25,6.0,8.65,51.9,2025-08-25
U0237,2025-09-01,7.0,4.58,32.06,2025-09-06
U0237,2025-09-08,1.0,13.92,13.92,2025-09-13
U0237,2025-09-15,4.0,9.79,39.16,2025-09-15
U0237,2025-09-22,3.0,4.8,14.4,2025-09-25
U0238,2025-07-21,0.0,7.4,0.0,2025-07-25
U0238,2025-07-28,3.0,10.57,31.71,2025-08-01
U0238,2025-08-04,4.0,,,2025-08-06
U0238,2025-08-11,2.0,8.65,17.3,2025-08-12
U0238,2025-08-18,,,,
U0238,2025-08-25,,,,2025-08-28
U0238,2025-09-01,0.0,3.94,0.0,
U0238,2025-09-08,0.0,5.48,0.0,
U0238,2025-09-15,2.0,5.9,11.8,2025-09-15
U0238,2025-09-22,8.0,7.22,57.76,2025-09-22
U0239,2025-08-18,5.0,5.17,25.85,2025-08-22
U0239,2025-08-25,5.0,14.44,72.2,2025-08-25
U0239,2025-09-01,1.0,2.52,2.52,2025-09-02
U0239,2025-09-08,3.0,7.27,21.81,2025-09-13
U0239,2025-09-15,7.0,6.41,44.87,2025-09-15
U0239,2025-09-22,2.0,6.51,13.02,2025-09-25
U0239,2025-09-29,9.0,10.16,91.44,2025-10-04
U0239,2025-10-06,0.0,0.69,0.0,
U0240,2025-09-01,3.0,6.04,18.12,2025-09-06
U0240,2025-09-08,4.0,6.0,24.0,2025-09-10
U0240,2025-09-15,4.0,11.68,46.72,2025-09-20
U0240,2025-09-22,3.0,9.98,29.94,
U0240,2025-09-29,6.0,5.83,34.98,2025-10-05
U0240,2025-10-06,8.0,8.77,70.16,2025-10-07
U0241,2025-07-21,5.0,11.12,55.6,2025-07-25
U0241,2025-07-28,5.0,5.59,27.95,2025-07-29
U0241,2025-08-04,3.0,11.59,34.77,2025-08-10
U0241,2025-08-11,3.0,8.12,24.36,2025-08-17
U0241,2025-08-18,10.0,6.2,62.0,2025-08-22
U0241,2025-08-25,2.0,2.67,5.34,2025-08-30
U0241,2025-09-01,1.0,12.76,12.76,2025-09-05
U0241,2025-09-08,4.0,9.49,37.96,2025-09-13
U0241,2025-09-15,5.0,6.52,32.6,2025-09-21
U0241,2025-09-22,8.0,6.42,51.36,2025-09-26
U0242,2025-09-08,5.0,7.5,37.5,2025-09-11
U0242,2025-09-15,7.0,8.77,61.39,2025-09-15
U0242,2025-09-22,1.0,4.13,4.13,2025-09-25
U0242,2025-09-29,1.0,6.29,6.29,2025-10-04
U0242,2025-10-06,7.0,5.81,40.67,2025-10-12
U0243,2025-08-25,8.0,10.89,87.12,2025-08-28
U0243,2025-09-01,6.0,9.99,59.94,2025-09-01
U0243,2025-09-08,1.0,8.33,8.33,2025-09-14
U0243,2025-09-15,4.0,5.34,21.36,2025-09-17
U0243,2025-09-22,4.0,7.97,31.88,2025-09-27
U0243,2025-09-29,1.0,11.86,11.86,2025-10-05
U0243,2025-10-06,,6.87,,
U0244,2025-09-01,7.0,6.92,48.44,2025-09-01
U0244,2025-09-08,3.0,10.16,30.48,2025-09-12
U0244,2025-09-15,4.0,6.69,26.76,2025-09-16
U0244,2025-09-22,3.0,5.06,15.18,2025-09-23
U0244,2025-09-29,7.0,4.28,29.96,2025-10-01
U0244,2025-10-06,3.0,5.24,15.72,2025-10-12
U0245,2025-08-04,8.0,11.15,89.2,2025-08-10
U0245,2025-08-11,5.0,8.64,43.2,2025-08-14
U0245,2025-08-18,5.0,,,2025-08-20
U0245,2025-08-25,2.0,8.06,16.12,2025-08-30
U0245,2025-09-01,3.0,7.42,22.26,2025-09-07
U0245,2025-09-08,6.0,3.43,20.58,2025-09-10
U0245,2025-09-15,1.0,2.1,2.1,2025-09-19
U0245,2025-09-22,5.0,10.34,51.7,2025-09-28
U0245,2025-09-29,7.0,6.54,45.78,2025-10-02
U0245,2025-10-06,7.0,9.17,64.19,2025-10-08
U0246,2025-09-01,1.0,11.91,11.91,2025-09-05
U0246,2025-09-08,7.0,6.99,48.93,2025-09-11
U0246,2025-09-15,7.0,6.1,42.7,2025-09-16
U0246,2025-09-22,1.0,6.36,6.36,2025-09-23
U0246,2025-09-29,0.0,6.25,0.0,2025-10-04
U0246,2025-10-06,9.0,6.89,,2025-10-08
U0247,2025-07-21,6.0,5.41,32.46,2025-07-27
U0247,2025-07-28,2.0,9.94,19.88,2025-07-29
U0247,2025-08-04,0.0,2.88,0.0,
U0247,2025-08-11,1.0,13.26,13.26,2025-08-17
U0247,2025-08-18,4.0,10.48,41.92,2025-08-24
U0247,2025-08-25,5.0,7.18,35.9,2025-08-28
U0247,2025-09-01,3.0,8.78,26.34,2025-09-04
U0247,2025-09-08,6.0,7.95,47.7,2025-09-09
U0247,2025-09-15,2.0,1.77,3.54,2025-09-20
U0247,2025-09-22,8.0,3.7,29.6,2025-09-22
U0248,2025-09-08,7.0,7.83,54.81,
U0248,2025-09-15,5.0,7.22,36.1,2025-09-19
U0248,2025-09-22,3.0,11.77,35.31,2025-09-26
U0248,2025-09-29,12.0,4.11,49.32,2025-10-03
U0248,2025-10-06,6.0,13.5,81.0,2025-10-06
U0249,2025-08-25,5.0,9.37,46.85,2025-08-27
U0249,2025-09-01,1.0,7.72,7.72,2025-09-01
U0249,2025-09-08,4.0,2.97,11.88,2025-09-14
U0249,2025-09-15,5.0,8.66,43.3,2025-09-18
U0249,2025-09-22,2.0,,,2025-09-27
U0249,2025-09-29,1.0,11.11,11.11,2025-09-30
U0249,2025-10-06,2.0,6.36,12.72,2025-10-06
U0250,2025-08-04,1.0,11.05,11.05,2025-08-04
U0250,2025-08-11,5.0,9.6,48.0,2025-08-13
U0250,2025-08-18,,3.54,,
U0250,2025-08-25,5.0,9.3,46.5,2025-08-30
U0250,2025-09-01,3.0,,,2025-09-01
U0250,2025-09-08,3.0,8.68,26.04,2025-09-09
U0250,2025-09-15,1.0,7.35,7.35,2025-09-17
U0250,2025-09-22,2.0,12.11,24.22,2025-09-28
U0250,2025-09-29,1.0,7.9,7.9,2025-09-30
U0250,2025-10-06,8.0,8.45,67.6,2025-10-10
